,Club_Name,Name,Event,Role,First Name,Last Name,RollNumber,Name1
0,club_3,darien ma,club_3_event_2,Participant,darien,ma,17XJ1A0220,darien ma
1,club_2,sege schrock,club_2_event_1,Participant,sege,schrock,17XJ1A0165,sege schrock
2,club_2,tete buim,club_2_event_3,Participant,tete,buim,18XJ1A0184,tete buim
3,club_2,loufis emuls,club_2_event_2,Participant,loufis,emuls,17XJ1A0142,loufis emuls
4,club_2,mercezloweber,club_2_event_3,Participant,mercezlo,weber,18XJ1A0211,mercezlo weber
5,club_2,hjeine umccormack,club_2_event_2,Participant,hjeine,umccormack,17XJ1A0134,hjeine umccormack
6,club_3,quinton ta,club_3_event_2,Participant,quinton,ta,18XJ1A0197,quinton ta
7,club_2,jjnine mccormack,club_2_event_1,Participant,jjnine,mccormack,17XJ1A0134,jjnine mccormack
8,club_3,everardo john c,club_3_event_1,Participant,everardo,c,17XJ1A0217,everardo c
9,club_3,were scholfield,club_3_event_1,Participant,were,scholfield,17XJ1A0293,were scholfield
10,club_1,ezpre lod,club_1_event_2,Participant,ezpre,lod,18XJ1A0268,ezpre lod
11,club_2,aya k,club_2_event_2,Participant,aya,k,18XJ1A0107,aya k
12,club_1,alannah c,club_1_event_2,Participant,alannah,c,17XJ1A0275,alannah c
13,club_1,gremysan eim,club_1_event_1,Participant,gremysan,eim,17XJ1A0193,gremysan eim
14,club_2,judithee howend,club_2_event_2,Participant,judithee,howend,18XJ1A0258,judithee howend
15,club_2,milo grafeild,club_2_event_1,Participant,milo,grafeild,17XJ1A0215,milo grafeild
16,club_3,a elena,club_3_event_2,Participant,a,elena,18XJ1A0227,a elena
17,club_1,heyliegajri,club_1_event_1,Participant,heylie,gajri,18XJ1A0326,heylie gajri
18,club_3,sen fairbaenks,club_3_event_1,Participant,sen,fairbaenks,18XJ1A0156,sen fairbaenks
19,club_2,sentagok nadeau,club_2_event_3,Participant,sentagok,nadeau,17XJ1A0257,sentagok nadeau
20,club_2,grady s,club_2_event_2,Participant,grady,s,17XJ1A0171,grady s
21,club_1,cxhhelseydeen,club_1_event_1,Participant,cxhhelsey,deen,17XJ1A0205,cxhhelsey deen
22,club_2,eriuws albers,club_2_event_2,Participant,eriuws,albers,17XJ1A0179,eriuws albers
23,club_2,annabelle ma,club_2_event_2,Participant,annabelle,ma,17XJ1A0125,annabelle ma
24,club_3,ntaliyja garvin,club_3_event_1,Participant,ntaliyja,garvin,18XJ1A0163,ntaliyja garvin
25,club_3,alize john d,club_3_event_2,Participant,alize,d,18XJ1A0341,alize d
26,club_1,brannen elizn,club_1_event_2,Participant,brannen,elizn,17XJ1A0209,brannen elizn
27,club_1,daeegelox neuman,club_1_event_1,Participant,daeegelox,neuman,18XJ1A0284,daeegelox neuman
28,club_2,luci coi,club_2_event_1,Participant,luci,coi,17XJ1A0202,luci coi
29,club_3,gkerajauregy,club_3_event_2,Participant,kera,jauregy,17XJ1A0243,kera jauregy
30,club_2,lexis wh,club_2_event_2,Participant,lexis,wh,17XJ1A0176,lexis wh
31,club_3,kzla renfield,club_3_event_2,Participant,kzla,renfield,18XJ1A0282,kzla renfield
32,club_1,reymundo zapata,club_1_event_3,Participant,reymundo,zapata,17XJ1A0322,reymundo zapata
33,club_1,gelvil vilasenhor,club_1_event_1,Participant,gelvil,vilasenhor,17XJ1A0109,gelvil vilasenhor
34,club_1,gustavo mu,club_1_event_3,Participant,gustavo,mu,17XJ1A0118,gustavo mu
35,club_2,linda john b,club_2_event_3,Participant,linda,b,17XJ1A0338,linda b
36,club_3,judit howlernd,club_3_event_1,Participant,judit,howlernd,18XJ1A0258,judit howlernd
37,club_2,d cathryn,club_2_event_1,Participant,d,cathryn,17XJ1A0340,d cathryn
38,club_3,litzy moqr,club_3_event_2,Participant,litzy,moqr,18XJ1A0162,litzy moqr
39,club_2,laxxiswhital,club_2_event_1,Participant,laxxis,whital,17XJ1A0176,laxxis whital
40,club_3,meljorie sanz,club_3_event_2,Participant,meljorie,sanz,17XJ1A0319,meljorie sanz
41,club_2,aleedreba starnes,club_2_event_3,Participant,aleedreba,starnes,18XJ1A0167,aleedreba starnes
42,club_3,g sean,club_3_event_1,Participant,g,sean,17XJ1A0278,g sean
43,club_1,gedysamhple,club_1_event_2,Participant,gedy,samhple,17XJ1A0171,gedy samhple
44,club_2,d dexter,club_2_event_1,Participant,d,dexter,18XJ1A0213,d dexter
45,club_2,eivelin bredl,club_2_event_2,Participant,eivelin,bredl,18XJ1A0188,eivelin bredl
46,club_1,jocelyn f,club_1_event_2,Participant,jocelyn,f,17XJ1A0140,jocelyn f
47,club_3,krla tparis,club_3_event_3,Participant,krla,tparis,17XJ1A0173,krla tparis
48,club_3,aomqeiya olano,club_3_event_1,Participant,aomqeiya,olano,17XJ1A0147,aomqeiya olano
49,club_1,thee mccloyd,club_1_event_1,Participant,thee,mccloyd,18XJ1A0255,thee mccloyd
50,club_2,brgittozn gilaspi,club_2_event_1,Participant,brgittozn,gilaspi,18XJ1A0266,brgittozn gilaspi
51,club_2,lide brzenan,club_2_event_1,Participant,lide,brzenan,17XJ1A0338,lide brzenan
52,club_2,alenah ahishnolm,club_2_event_3,Participant,alenah,ahishnolm,17XJ1A0275,alenah ahishnolm
53,club_2,aloiae ervn,club_2_event_1,Participant,aloiae,ervn,18XJ1A0274,aloiae ervn
54,club_2,johson smchlar,club_2_event_1,Participant,johson,smchlar,18XJ1A0183,johson smchlar
55,club_1,kzeyleighoennig,club_1_event_2,Participant,kzeyleighoennig,,17XJ1A0113,kzeyleighoennig 
56,club_2,lorena l,club_2_event_2,Participant,lorena,l,17XJ1A0312,lorena l
57,club_2,tkierstn ilerd,club_2_event_3,Participant,tkierstn,ilerd,18XJ1A0339,tkierstn ilerd
58,club_2,jemeh patick,club_2_event_2,Participant,jemeh,patick,18XJ1A0307,jemeh patick
59,club_2,stephon bu,club_2_event_2,Participant,stephon,bu,17XJ1A0190,stephon bu
60,club_1,l misty,club_1_event_2,Participant,l,misty,17XJ1A0258,l misty
61,club_2,gelilea vilasquenr,club_2_event_2,Participant,gelilea,vilasquenr,17XJ1A0109,gelilea vilasquenr
62,club_2,joequn crisbt,club_2_event_3,Participant,joequn,crisbt,17XJ1A0305,joequn crisbt
63,club_2,killien ratllif,club_2_event_2,Participant,killien,ratllif,18XJ1A0222,killien ratllif
64,club_3,alexendea pstrnes,club_3_event_2,Participant,alexendea,pstrnes,18XJ1A0167,alexendea pstrnes
65,club_1,ore srnyder,club_1_event_1,Participant,ore,srnyder,18XJ1A0301,ore srnyder
66,club_1,shnaz branch,club_1_event_1,Participant,shnaz,branch,17XJ1A0335,shnaz branch
67,club_2,rudybrejdli,club_2_event_3,Participant,rudy,brejdli,17XJ1A0224,rudy brejdli
68,club_2,a griselda,club_2_event_2,Participant,a,griselda,18XJ1A0280,a griselda
69,club_1,jenine mccuormwk,club_1_event_1,Participant,jenine,mccuormwk,17XJ1A0134,jenine mccuormwk
70,club_2,delenise gilbezrtsn,club_2_event_1,Participant,delenise,gilbezrtsn,17XJ1A0230,delenise gilbezrtsn
71,club_3,zsetiago ndeau,club_3_event_2,Participant,zsetiago,ndeau,17XJ1A0257,zsetiago ndeau
72,club_1,luwzceno sims,club_1_event_3,Participant,luwzceno,sims,18XJ1A0292,luwzceno sims
73,club_1,yisnral sik,club_1_event_1,Participant,yisnral,sik,17XJ1A0348,yisnral sik
74,club_1,ideyna sele,club_1_event_2,organiser_3,ideyna,sele,18XJ1A0233,ideyna sele
75,club_2,ttum hxeing,club_2_event_3,Participant,ttum,hxeing,18XJ1A0171,ttum hxeing
76,club_3,serenity john c,club_3_event_2,Participant,serenity,c,18XJ1A0144,serenity c
77,club_1,dereio whte,club_1_event_2,Participant,dereio,whte,17XJ1A0292,dereio whte
78,club_3,aianslay cinton,club_3_event_2,Participant,aianslay,cinton,18XJ1A0187,aianslay cinton
79,club_3,agidi whitmore,club_3_event_2,Participant,agidi,whitmore,18XJ1A0173,agidi whitmore
80,club_3,valexenrea strnes,club_3_event_3,Participant,valexenrea,strnes,18XJ1A0167,valexenrea strnes
81,club_3,a ciera,club_3_event_2,Participant,a,ciera,18XJ1A0191,a ciera
82,club_3,fernendsegovwia,club_3_event_3,Participant,fernend,segovwia,17XJ1A0265,fernend segovwia
83,club_3,evelign brdi,club_3_event_1,Participant,evelign,brdi,18XJ1A0188,evelign brdi
84,club_2,memrwc rand,club_2_event_3,Participant,memrwc,rand,18XJ1A0180,memrwc rand
85,club_1,furnendo segovia,club_1_event_3,Participant,furnendo,segovia,17XJ1A0265,furnendo segovia
86,club_1,r janie,club_1_event_2,Participant,r,janie,18XJ1A0219,r janie
87,club_1,mckenzie h,club_1_event_1,Participant,mckenzie,h,17XJ1A0200,mckenzie h
88,club_1,crystal le,club_1_event_1,Participant,crystal,le,17XJ1A0163,crystal le
89,club_3,mzlorie saenz,club_3_event_1,Participant,mzlorie,saenz,17XJ1A0319,mzlorie saenz
90,club_2,chriestiongcohan,club_2_event_2,Participant,chriestiong,cohan,17XJ1A0170,chriestiong cohan
91,club_2,jedonvandykce,club_2_event_1,Participant,jedon,vandykce,17XJ1A0108,jedon vandykce
92,club_3,wlsonu sloocum,club_3_event_1,Participant,wlsonu,sloocum,18XJ1A0177,wlsonu sloocum
93,club_3,rylia omez,club_3_event_3,Participant,rylia,omez,17XJ1A0323,rylia omez
94,club_1,rowan pa,club_1_event_1,Participant,rowan,pa,17XJ1A0196,rowan pa
95,club_3,w kalista,club_3_event_3,Participant,w,kalista,17XJ1A0192,w kalista
96,club_1,grayson he,club_1_event_2,Participant,grayson,he,17XJ1A0193,grayson he
97,club_2,ylicn sels,club_2_event_2,Participant,ylicn,sels,17XJ1A0149,ylicn sels
98,club_2,yisrol sihsk,club_2_event_1,Participant,yisrol,sihsk,17XJ1A0348,yisrol sihsk
99,club_3,se jenakins,club_3_event_3,Participant,se,jenakins,17XJ1A0235,se jenakins
100,club_1,joeqin acrzist,club_1_event_2,Participant,joeqin,acrzist,17XJ1A0305,joeqin acrzist
101,club_1,wisn slogxcum,club_1_event_1,Participant,wisn,slogxcum,18XJ1A0177,wisn slogxcum
102,club_3,chanel john p,club_3_event_1,Participant,chanel,p,18XJ1A0136,chanel p
103,club_1,c jedidiah,club_1_event_3,Participant,c,jedidiah,17XJ1A0281,c jedidiah
104,club_1,lawis bredlove,club_1_event_3,Participant,lawis,bredlove,17XJ1A0233,lawis bredlove
105,club_3,iecstin romeno,club_3_event_1,Participant,iecstin,romeno,17XJ1A0271,iecstin romeno
106,club_1,joequin scrisl,club_1_event_1,Participant,joequin,scrisl,17XJ1A0305,joequin scrisl
107,club_2,c everardo,club_2_event_2,Participant,c,everardo,17XJ1A0217,c everardo
108,club_1,kiestin romepno,club_1_event_1,Participant,kiestin,romepno,17XJ1A0271,kiestin romepno
109,club_1,jdizt hofwlend,club_1_event_3,Participant,jdizt,hofwlend,18XJ1A0258,jdizt hofwlend
110,club_3,b joselyn,club_3_event_1,Participant,b,joselyn,17XJ1A0347,b joselyn
111,club_3,thoaoore schmdt,club_3_event_1,Participant,thoaoore,schmdt,18XJ1A0131,thoaoore schmdt
112,club_3,mireya go,club_3_event_1,Participant,mireya,go,18XJ1A0287,mireya go
113,club_2,ielea casilas,club_2_event_2,Participant,ielea,casilas,17XJ1A0181,ielea casilas
114,club_3,sege chroctk,club_3_event_1,Participant,sege,chroctk,17XJ1A0165,sege chroctk
115,club_2,nancy john l,club_2_event_2,Participant,nancy,l,17XJ1A0112,nancy l
116,club_2,m sydnee,club_2_event_2,Participant,m,sydnee,17XJ1A0314,m sydnee
117,club_2,aindrawr kee,club_2_event_1,Participant,aindrawr,kee,17XJ1A0345,aindrawr kee
118,club_3,kebtrine lene,club_3_event_2,Participant,kebtrine,lene,18XJ1A0142,kebtrine lene
119,club_2,kezre lord,club_2_event_3,Participant,kezre,lord,18XJ1A0268,kezre lord
120,club_1,monet wa,club_1_event_2,Participant,monet,wa,17XJ1A0100,monet wa
121,club_1,kelee cxlsilas,club_1_event_2,Participant,kelee,cxlsilas,17XJ1A0181,kelee cxlsilas
122,club_3,tatum john h,club_3_event_2,Participant,tatum,h,18XJ1A0171,tatum h
123,club_1,luciano si,club_1_event_2,Participant,luciano,si,18XJ1A0292,luciano si
124,club_2,lukas john m,club_2_event_3,Participant,lukas,m,18XJ1A0298,lukas m
125,club_2,jacey d,club_2_event_2,Participant,jacey,d,18XJ1A0146,jacey d
126,club_2,katelynn ha,club_2_event_2,Participant,katelynn,ha,18XJ1A0145,katelynn ha
127,club_2,semaj p,club_2_event_1,Participant,semaj,p,18XJ1A0212,semaj p
128,club_3,pdynaa stele,club_3_event_3,Participant,pdynaa,stele,18XJ1A0233,pdynaa stele
129,club_2,groeyson chem,club_2_event_2,Participant,groeyson,chem,17XJ1A0193,groeyson chem
130,club_3,c christion,club_3_event_3,Participant,c,christion,17XJ1A0170,c christion
131,club_3,jared gu,club_3_event_1,Participant,jared,gu,18XJ1A0279,jared gu
132,club_3,ibreivm sun,club_3_event_2,Participant,ibreivm,sun,18XJ1A0147,ibreivm sun
133,club_2,christy el,club_2_event_1,Participant,christy,el,18XJ1A0141,christy el
134,club_1,elliot john h,club_1_event_2,Participant,elliot,h,17XJ1A0326,elliot h
135,club_3,brnnen elison,club_3_event_2,Participant,brnnen,elison,17XJ1A0209,brnnen elison
136,club_1,c matthias,club_1_event_2,Participant,c,matthias,18XJ1A0257,c matthias
137,club_3,g brionna,club_3_event_3,Participant,g,brionna,18XJ1A0285,g brionna
138,club_3,jeylan zkreger,club_3_event_1,Participant,jeylan,zkreger,18XJ1A0161,jeylan zkreger
139,club_2,joeqruin cris,club_2_event_2,Participant,joeqruin,cris,17XJ1A0305,joeqruin cris
140,club_3,m sydnee,club_3_event_3,organiser_5,m,sydnee,17XJ1A0314,m sydnee
141,club_2,frenhallstead,club_2_event_2,Participant,fren,hallstead,17XJ1A0332,fren hallstead
142,club_3,kathrine l,club_3_event_3,Participant,kathrine,l,18XJ1A0142,kathrine l
143,club_1,sentiadgo nadee,club_1_event_1,Participant,sentiadgo,nadee,17XJ1A0257,sentiadgo nadee
144,club_1,gissalnethorntin,club_1_event_1,Participant,gissalne,thorntin,18XJ1A0346,gissalne thorntin
145,club_1,kelen lyogn,club_1_event_1,Participant,kelen,lyogn,17XJ1A0189,kelen lyogn
146,club_3,robynn dcki,club_3_event_2,Participant,robynn,dcki,17XJ1A0211,robynn dcki
147,club_2,tei ltine,club_2_event_1,Participant,tei,ltine,17XJ1A0116,tei ltine
148,club_3,justyn go,club_3_event_3,Participant,justyn,go,17XJ1A0259,justyn go
149,club_3,alvin john v,club_3_event_1,Participant,alvin,v,18XJ1A0195,alvin v
150,club_1,semaj p,club_1_event_2,Participant,semaj,p,18XJ1A0212,semaj p
151,club_3,irelhend barnier,club_3_event_1,Participant,irelhend,barnier,17XJ1A0341,irelhend barnier
152,club_2,guillermo john h,club_2_event_1,organiser_5,guillermo,h,17XJ1A0296,guillermo h
153,club_3,abegaiv marx,club_3_event_1,Participant,abegaiv,marx,18XJ1A0202,abegaiv marx
154,club_3,euilermo heckni,club_3_event_1,Participant,euilermo,heckni,17XJ1A0296,euilermo heckni
155,club_1,jesenieu peras,club_1_event_2,Participant,jesenieu,peras,17XJ1A0302,jesenieu peras
156,club_1,fcornliusmeciahs,club_1_event_2,Participant,cornlius,meciahs,18XJ1A0327,cornlius meciahs
157,club_1,kierstin mi,club_1_event_3,Participant,kierstin,mi,18XJ1A0339,kierstin mi
158,club_1,allise buidle,club_1_event_1,Participant,allise,buidle,18XJ1A0260,allise buidle
159,club_2,j kristian,club_2_event_1,Participant,j,kristian,17XJ1A0343,j kristian
160,club_1,blbritto gilaspie,club_1_event_1,Participant,blbritto,gilaspie,18XJ1A0266,blbritto gilaspie
161,club_1,brennen el,club_1_event_1,Participant,brennen,el,17XJ1A0209,brennen el
162,club_3,uteeu noyes,club_3_event_2,Participant,uteeu,noyes,17XJ1A0172,uteeu noyes
163,club_1,ylti seels,club_1_event_2,organiser_4,ylti,seels,17XJ1A0149,ylti seels
164,club_2,marcello w,club_2_event_1,Participant,marcello,w,18XJ1A0211,marcello w
165,club_1,jud golgdjen,club_1_event_2,Participant,jud,golgdjen,17XJ1A0226,jud golgdjen
166,club_1,jaylan john c,club_1_event_2,Participant,jaylan,c,18XJ1A0122,jaylan c
167,club_2,maesthias crdro,club_2_event_1,Participant,maesthias,crdro,18XJ1A0257,maesthias crdro
168,club_3,phoenix john t,club_3_event_3,Participant,phoenix,t,17XJ1A0128,phoenix t
169,club_3,megaret kerebs,club_3_event_2,Participant,megaret,kerebs,17XJ1A0131,megaret kerebs
170,club_1,delanie john g,club_1_event_1,Participant,delanie,g,17XJ1A0230,delanie g
171,club_1,judith john h,club_1_event_1,Participant,judith,h,18XJ1A0258,judith h
172,club_1,eeghan hughton,club_1_event_2,Participant,eeghan,hughton,18XJ1A0243,eeghan hughton
173,club_2,d jaquelin,club_2_event_1,Participant,d,jaquelin,18XJ1A0102,d jaquelin
174,club_1,krrla pris,club_1_event_1,Participant,krrla,pris,17XJ1A0173,krrla pris
175,club_1,marcello john w,club_1_event_3,Participant,marcello,w,18XJ1A0211,marcello w
176,club_3,cerloys uivasn,club_3_event_1,Participant,cerloys,uivasn,17XJ1A0207,cerloys uivasn
177,club_3,kecrstin romeo,club_3_event_2,Participant,kecrstin,romeo,17XJ1A0271,kecrstin romeo
178,club_3,jonatan john m,club_3_event_1,Participant,jonatan,m,18XJ1A0306,jonatan m
179,club_3,jaylan john k,club_3_event_2,Participant,jaylan,k,18XJ1A0161,jaylan k
180,club_2,dayna st,club_2_event_1,Participant,dayna,st,18XJ1A0233,dayna st
181,club_2,qcehrlos slian,club_2_event_2,Participant,qcehrlos,slian,17XJ1A0207,qcehrlos slian
182,club_3,lukes cdge,club_3_event_2,Participant,lukes,cdge,18XJ1A0298,lukes cdge
183,club_2,rashawn ba,club_2_event_2,Participant,rashawn,ba,17XJ1A0126,rashawn ba
184,club_3,kierstdin miierd,club_3_event_1,Participant,kierstdin,miierd,18XJ1A0339,kierstdin miierd
185,club_2,sevnjanacornywl,club_2_event_2,Participant,sevnjana,cornywl,17XJ1A0187,sevnjana cornywl
186,club_3,j shea,club_3_event_1,Participant,j,shea,17XJ1A0235,j shea
187,club_1,lihtzy myea,club_1_event_1,Participant,lihtzy,myea,18XJ1A0162,lihtzy myea
188,club_1,cathryn du,club_1_event_2,Participant,cathryn,du,17XJ1A0340,cathryn du
189,club_3,amqar udolph,club_3_event_3,Participant,amqar,udolph,18XJ1A0189,amqar udolph
190,club_3,ameiyasoulano,club_3_event_2,Participant,ameiya,soulano,17XJ1A0147,ameiya soulano
191,club_2,merco rand,club_2_event_1,Participant,merco,rand,18XJ1A0180,merco rand
192,club_2,jessenia p,club_2_event_1,Participant,jessenia,p,17XJ1A0302,jessenia p
193,club_2,alexandrea john s,club_2_event_1,Participant,alexandrea,s,18XJ1A0167,alexandrea s
194,club_2,kobe berietqos,club_2_event_3,Participant,kobe,berietqos,18XJ1A0338,kobe berietqos
195,club_3,nealya narvin,club_3_event_3,Participant,nealya,narvin,18XJ1A0163,nealya narvin
196,club_1,irelenadbernir,club_1_event_1,Participant,irelenad,bernir,17XJ1A0341,irelenad bernir
197,club_1,mericdeloweber,club_1_event_2,Participant,mericdelo,weber,18XJ1A0211,mericdelo weber
198,club_1,dayna john s,club_1_event_3,organiser_3,dayna,s,18XJ1A0233,dayna s
199,club_2,ainlay ocliton,club_2_event_1,Participant,ainlay,ocliton,18XJ1A0187,ainlay ocliton
200,club_2,lty mxoyar,club_2_event_2,Participant,lty,mxoyar,18XJ1A0162,lty mxoyar
201,club_3,brone grimws,club_3_event_1,organiser_2,brone,grimws,18XJ1A0285,brone grimws
202,club_2,mlisty lvooie,club_2_event_1,Participant,mlisty,lvooie,17XJ1A0258,mlisty lvooie
203,club_2,cristbel faolon,club_2_event_3,Participant,cristbel,faolon,18XJ1A0300,cristbel faolon
204,club_3,doris pr,club_3_event_2,Participant,doris,pr,17XJ1A0249,doris pr
205,club_1,irvi linre,club_1_event_2,Participant,irvi,linre,18XJ1A0117,irvi linre
206,club_2,darrion john b,club_2_event_1,Participant,darrion,b,18XJ1A0166,darrion b
207,club_3,wilson s,club_3_event_3,Participant,wilson,s,18XJ1A0177,wilson s
208,club_1,kyteyce cokr,club_1_event_1,Participant,kyteyce,cokr,18XJ1A0273,kyteyce cokr
209,club_1,justyn go,club_1_event_3,organiser_5,justyn,go,17XJ1A0259,justyn go
210,club_3,fren hmalstekad,club_3_event_2,Participant,fren,hmalstekad,17XJ1A0332,fren hmalstekad
211,club_1,sphoanix tay,club_1_event_3,Participant,sphoanix,tay,17XJ1A0138,sphoanix tay
212,club_2,evein bredli,club_2_event_3,organiser_1,evein,bredli,18XJ1A0188,evein bredli
213,club_3,jocalyntftzsimeons,club_3_event_2,Participant,jocalynt,ftzsimeons,17XJ1A0140,jocalynt ftzsimeons
214,club_2,coleman p,club_2_event_1,Participant,coleman,p,18XJ1A0286,coleman p
215,club_1,anate ahezd,club_1_event_2,organiser_1,anate,ahezd,18XJ1A0100,anate ahezd
216,club_3,lawis bredlogve,club_3_event_3,Participant,lawis,bredlogve,17XJ1A0233,lawis bredlogve
217,club_3,jonen bagget,club_3_event_1,Participant,jonen,bagget,17XJ1A0137,jonen bagget
218,club_1,agail mahrx,club_1_event_2,Participant,agail,mahrx,18XJ1A0202,agail mahrx
219,club_3,lvusm mcge,club_3_event_3,Participant,lvusm,mcge,18XJ1A0298,lvusm mcge
220,club_3,telista witeside,club_3_event_1,Participant,telista,witeside,17XJ1A0192,telista witeside
221,club_3,nore hnyder,club_3_event_1,Participant,nore,hnyder,18XJ1A0301,nore hnyder
222,club_1,britton gi,club_1_event_2,Participant,britton,gi,18XJ1A0266,britton gi
223,club_1,abdeulehhorst,club_1_event_1,Participant,abdeuleh,horst,17XJ1A0132,abdeuleh horst
224,club_1,enby heatn,club_1_event_3,Participant,enby,heatn,17XJ1A0117,enby heatn
225,club_2,maranda d,club_2_event_3,Participant,maranda,d,18XJ1A0235,maranda d
226,club_3,reelyna stwrd,club_3_event_2,Participant,reelyna,stwrd,18XJ1A0343,reelyna stwrd
227,club_2,mallorie sa,club_2_event_1,Participant,mallorie,sa,17XJ1A0319,mallorie sa
228,club_2,keyle gorman,club_2_event_2,Participant,keyle,gorman,18XJ1A0277,keyle gorman
229,club_2,tatum he,club_2_event_2,Participant,tatum,he,18XJ1A0171,tatum he
230,club_2,jeyvier reax,club_2_event_3,Participant,jeyvier,reax,18XJ1A0221,jeyvier reax
231,club_3,gurtevo mul,club_3_event_2,Participant,gurtevo,mul,17XJ1A0118,gurtevo mul
232,club_1,amber ru,club_1_event_2,Participant,amber,ru,18XJ1A0189,amber ru
233,club_3,jemcy tipton,club_3_event_1,Participant,jemcy,tipton,18XJ1A0291,jemcy tipton
234,club_2,alisong mcv,club_2_event_1,Participant,alisong,mcv,17XJ1A0255,alisong mcv
235,club_1,justyn goatz,club_1_event_2,organiser_5,justyn,goatz,17XJ1A0259,justyn goatz
236,club_2,lisoon mcv,club_2_event_3,Participant,lisoon,mcv,17XJ1A0255,lisoon mcv
237,club_1,khelen loaan,club_1_event_2,Participant,khelen,loaan,17XJ1A0189,khelen loaan
238,club_2,brennen e,club_2_event_2,Participant,brennen,e,17XJ1A0209,brennen e
239,club_3,jedidiah c,club_3_event_1,Participant,jedidiah,c,17XJ1A0281,jedidiah c
240,club_2,javier br,club_2_event_2,Participant,javier,br,18XJ1A0252,javier br
241,club_2,tukar volk,club_2_event_1,Participant,tukar,volk,17XJ1A0178,tukar volk
242,club_1,eene atvlamirano,club_1_event_1,Participant,eene,atvlamirano,18XJ1A0227,eene atvlamirano
243,club_2,joalyn fjitwzsimons,club_2_event_1,Participant,joalyn,fjitwzsimons,17XJ1A0140,joalyn fjitwzsimons
244,club_1,reymundoeniavides,club_1_event_1,Participant,reymundoeniavides,,17XJ1A0225,reymundoeniavides 
245,club_2,aboegailmarx,club_2_event_2,Participant,aboegail,marx,18XJ1A0202,aboegail marx
246,club_2,c gretchen,club_2_event_2,Participant,c,gretchen,17XJ1A0195,c gretchen
247,club_1,uteiklie,club_1_event_2,Participant,tei,klie,17XJ1A0116,tei klie
248,club_3,enjana coratnel,club_3_event_2,Participant,enjana,coratnel,17XJ1A0187,enjana coratnel
249,club_1,herman john t,club_1_event_2,Participant,herman,t,18XJ1A0276,herman t
250,club_1,mexim urxk,club_1_event_1,Participant,mexim,urxk,18XJ1A0296,mexim urxk
251,club_3,linda john b,club_3_event_2,Participant,linda,b,17XJ1A0338,linda b
252,club_3,keylre orman,club_3_event_1,Participant,keylre,orman,18XJ1A0277,keylre orman
253,club_3,geriel hitchcock,club_3_event_2,Participant,geriel,hitchcock,18XJ1A0251,geriel hitchcock
254,club_1,graseldu acuna,club_1_event_2,Participant,graseldu,acuna,18XJ1A0280,graseldu acuna
255,club_3,earett frlod,club_3_event_1,Participant,earett,frlod,18XJ1A0150,earett frlod
256,club_3,stephon s,club_3_event_1,Participant,stephon,s,17XJ1A0190,stephon s
257,club_1,g alexandria,club_1_event_3,Participant,g,alexandria,17XJ1A0218,g alexandria
258,club_2,gutevo mul,club_2_event_2,Participant,gutevo,mul,17XJ1A0118,gutevo mul
259,club_2,sydnamy owe,club_2_event_3,Participant,sydnamy,owe,18XJ1A0265,sydnamy owe
260,club_2,shanna br,club_2_event_2,Participant,shanna,br,17XJ1A0335,shanna br
261,club_2,hoalidi hitmre,club_2_event_1,Participant,hoalidi,hitmre,18XJ1A0173,hoalidi hitmre
262,club_1,suaphon burnet,club_1_event_1,Participant,suaphon,burnet,17XJ1A0190,suaphon burnet
263,club_1,gbb yheaton,club_1_event_2,Participant,gbb,yheaton,17XJ1A0117,gbb yheaton
264,club_1,djonethon legelr,club_1_event_1,Participant,djonethon,legelr,18XJ1A0334,djonethon legelr
265,club_3,h janell,club_3_event_3,Participant,h,janell,17XJ1A0313,h janell
266,club_3,zoie mc,club_3_event_1,Participant,zoie,mc,17XJ1A0227,zoie mc
267,club_1,d maranda,club_1_event_1,Participant,d,maranda,18XJ1A0235,d maranda
268,club_3,fernando john s,club_3_event_1,Participant,fernando,s,17XJ1A0265,fernando s
269,club_2,evelin breli,club_2_event_1,Participant,evelin,breli,18XJ1A0188,evelin breli
270,club_3,jeecvon kirk,club_3_event_1,Participant,jeecvon,kirk,17XJ1A0294,jeecvon kirk
271,club_2,kelisxa hiteseide,club_2_event_2,Participant,kelisxa,hiteseide,17XJ1A0192,kelisxa hiteseide
272,club_1,kalee john c,club_1_event_1,Participant,kalee,c,17XJ1A0181,kalee c
273,club_1,ammeli frst,club_1_event_1,Participant,ammeli,frst,18XJ1A0108,ammeli frst
274,club_3,rteymundoq zpaa,club_3_event_2,Participant,rteymundoq,zpaa,17XJ1A0322,rteymundoq zpaa
275,club_2,hzoi mcdermt,club_2_event_2,Participant,hzoi,mcdermt,17XJ1A0227,hzoi mcdermt
276,club_2,taphonw smot,club_2_event_2,Participant,taphonw,smot,17XJ1A0115,taphonw smot
277,club_1,amber coste,club_1_event_1,Participant,amber,coste,18XJ1A0205,amber coste
278,club_1,chestityhuilsi,club_1_event_1,Participant,chestity,huilsi,18XJ1A0245,chestity huilsi
279,club_2,wilson s,club_2_event_2,Participant,wilson,s,18XJ1A0177,wilson s
280,club_2,pameiya solan,club_2_event_2,Participant,pameiya,solan,17XJ1A0147,pameiya solan
281,club_1,kierstin john r,club_1_event_3,Participant,kierstin,r,17XJ1A0271,kierstin r
282,club_1,s aylin,club_1_event_3,organiser_4,s,aylin,17XJ1A0149,s aylin
283,club_1,arjun pa,club_1_event_2,Participant,arjun,pa,18XJ1A0159,arjun pa
284,club_2,reagan john h,club_2_event_1,Participant,reagan,h,18XJ1A0243,reagan h
285,club_3,semira baer,club_3_event_1,Participant,semira,baer,17XJ1A0308,semira baer
286,club_3,christaion coan,club_3_event_1,Participant,christaion,coan,17XJ1A0170,christaion coan
287,club_3,amine wrre,club_3_event_3,Participant,amine,wrre,17XJ1A0199,amine wrre
288,club_2,agmeiya solan,club_2_event_1,Participant,agmeiya,solan,17XJ1A0147,agmeiya solan
289,club_1,fenk halstean,club_1_event_3,Participant,fenk,halstean,17XJ1A0332,fenk halstean
290,club_3,syde meerxs,club_3_event_1,organiser_5,syde,meerxs,17XJ1A0314,syde meerxs
291,club_1,s alexandrea,club_1_event_3,Participant,s,alexandrea,18XJ1A0167,s alexandrea
292,club_2,grisle acudna,club_2_event_1,Participant,grisle,acudna,18XJ1A0280,grisle acudna
293,club_2,bleine menngzie,club_2_event_1,Participant,bleine,menngzie,17XJ1A0167,bleine menngzie
294,club_2,chastity john h,club_2_event_1,Participant,chastity,h,18XJ1A0245,chastity h
295,club_2,lyndsay s,club_2_event_1,Participant,lyndsay,s,18XJ1A0289,lyndsay s
296,club_3,hexza cawel,club_3_event_1,Participant,hexza,cawel,17XJ1A0300,hexza cawel
297,club_2,b linda,club_2_event_2,Participant,b,linda,17XJ1A0338,b linda
298,club_3,cristobel faal,club_3_event_2,Participant,cristobel,faal,18XJ1A0300,cristobel faal
299,club_3,codyw gr,club_3_event_2,Participant,codyw,gr,18XJ1A0348,codyw gr
300,club_3,kanzii maeir,club_3_event_3,Participant,kanzii,maeir,18XJ1A0228,kanzii maeir
301,club_1,s dayna,club_1_event_1,organiser_3,s,dayna,18XJ1A0233,s dayna
302,club_2,everett fl,club_2_event_2,Participant,everett,fl,18XJ1A0150,everett fl
303,club_1,keyana john g,club_1_event_1,Participant,keyana,g,17XJ1A0146,keyana g
304,club_1,etrell easli,club_1_event_2,Participant,etrell,easli,17XJ1A0282,etrell easli
305,club_2,brianna em,club_2_event_2,Participant,brianna,em,18XJ1A0116,brianna em
306,club_2,dhruis machado,club_2_event_1,Participant,dhruis,machado,18XJ1A0261,dhruis machado
307,club_3,vier bpreaux,club_3_event_1,Participant,vier,bpreaux,18XJ1A0221,vier bpreaux
308,club_1,luisg semuels,club_1_event_3,Participant,luisg,semuels,17XJ1A0142,luisg semuels
309,club_1,caberlos ulivan,club_1_event_1,Participant,caberlos,ulivan,17XJ1A0207,caberlos ulivan
310,club_3,jeinh miligan,club_3_event_2,Participant,jeinh,miligan,17XJ1A0153,jeinh miligan
311,club_2,deisha byon,club_2_event_3,organiser_3,deisha,byon,17XJ1A0157,deisha byon
312,club_2,cornelus moecias,club_2_event_2,Participant,cornelus,moecias,18XJ1A0327,cornelus moecias
313,club_1,weilson locum,club_1_event_3,Participant,weilson,locum,18XJ1A0177,weilson locum
314,club_1,ktielyn harlo,club_1_event_3,Participant,ktielyn,harlo,18XJ1A0145,ktielyn harlo
315,club_3,reskhawn beadras,club_3_event_1,Participant,reskhawn,beadras,17XJ1A0126,reskhawn beadras
316,club_3,jsellyn besro,club_3_event_3,Participant,jsellyn,besro,17XJ1A0347,jsellyn besro
317,club_1,jesnie percfales,club_1_event_1,Participant,jesnie,percfales,17XJ1A0302,jesnie percfales
318,club_1,jequlin duraan,club_1_event_2,Participant,jequlin,duraan,18XJ1A0102,jequlin duraan
319,club_2,lexenria galbroaith,club_2_event_2,Participant,lexenria,galbroaith,17XJ1A0218,lexenria galbroaith
320,club_1,zoiasmcdermodt,club_1_event_1,Participant,zoias,mcdermodt,17XJ1A0227,zoias mcdermodt
321,club_3,m litzy,club_3_event_3,Participant,m,litzy,18XJ1A0162,m litzy
322,club_3,stephon john b,club_3_event_1,Participant,stephon,b,17XJ1A0190,stephon b
323,club_3,frjenkhalstea,club_3_event_1,Participant,frjenk,halstea,17XJ1A0332,frjenk halstea
324,club_3,h abdullah,club_3_event_2,Participant,h,abdullah,17XJ1A0132,h abdullah
325,club_3,johson scsheular,club_3_event_2,Participant,johson,scsheular,18XJ1A0183,johson scsheular
326,club_2,irvin wie,club_2_event_1,Participant,irvin,wie,18XJ1A0117,irvin wie
327,club_1,jbyvon irk,club_1_event_1,Participant,jbyvon,irk,17XJ1A0294,jbyvon irk
328,club_3,mckanziej hitchcorc,club_3_event_1,Participant,mckanziej,hitchcorc,17XJ1A0200,mckanziej hitchcorc
329,club_3,judith owwlaend,club_3_event_2,Participant,judith,owwlaend,18XJ1A0258,judith owwlaend
330,club_2,luciano john s,club_2_event_2,Participant,luciano,s,18XJ1A0292,luciano s
331,club_2,danse minor,club_2_event_2,Participant,danse,minor,18XJ1A0340,danse minor
332,club_2,achrition cohan,club_2_event_1,Participant,achrition,cohan,17XJ1A0170,achrition cohan
333,club_3,orene lzmar,club_3_event_1,Participant,orene,lzmar,17XJ1A0312,orene lzmar
334,club_1,killian john r,club_1_event_3,Participant,killian,r,18XJ1A0222,killian r
335,club_2,frbyn guzmen,club_2_event_1,Participant,frbyn,guzmen,18XJ1A0313,frbyn guzmen
336,club_3,pjeliniqligan,club_3_event_1,Participant,jeliniqligan,,17XJ1A0153,jeliniqligan 
337,club_3,annette a,club_3_event_1,Participant,annette,a,18XJ1A0100,annette a
338,club_1,rycliagomez,club_1_event_2,Participant,ryclia,gomez,17XJ1A0323,ryclia gomez
339,club_1,jfeyvonkirk,club_1_event_2,Participant,jfeyvon,kirk,17XJ1A0294,jfeyvon kirk
340,club_1,theodore john s,club_1_event_3,Participant,theodore,s,18XJ1A0131,theodore s
341,club_1,litzy john m,club_1_event_3,Participant,litzy,m,18XJ1A0162,litzy m
342,club_3,ceethyn duate,club_3_event_2,Participant,ceethyn,duate,17XJ1A0340,ceethyn duate
343,club_3,ibehim syn,club_3_event_1,Participant,ibehim,syn,18XJ1A0147,ibehim syn
344,club_3,jessenia pe,club_3_event_2,Participant,jessenia,pe,17XJ1A0302,jessenia pe
345,club_3,bkelee caila,club_3_event_1,Participant,bkelee,caila,17XJ1A0181,bkelee caila
346,club_1,drius machsao,club_1_event_1,Participant,drius,machsao,18XJ1A0261,drius machsao
347,club_1,nethalyagarvvi,club_1_event_3,Participant,nethalya,garvvi,18XJ1A0163,nethalya garvvi
348,club_1,ronan b,club_1_event_1,Participant,ronan,b,17XJ1A0137,ronan b
349,club_2,henrqy johensen,club_2_event_1,Participant,henrqy,johensen,18XJ1A0311,henrqy johensen
350,club_1,robn guadmen,club_1_event_2,Participant,robn,guadmen,18XJ1A0313,robn guadmen
351,club_1,chriky elliot,club_1_event_1,Participant,chriky,elliot,18XJ1A0141,chriky elliot
352,club_2,katon tresjo,club_2_event_2,Participant,katon,tresjo,17XJ1A0208,katon tresjo
353,club_3,cristobal fa,club_3_event_3,Participant,cristobal,fa,18XJ1A0300,cristobal fa
354,club_3,glawis bregove,club_3_event_1,Participant,glawis,bregove,17XJ1A0233,glawis bregove
355,club_1,tatum john h,club_1_event_3,Participant,tatum,h,18XJ1A0171,tatum h
356,club_3,zabil ovderubias,club_3_event_3,Participant,zabil,ovderubias,18XJ1A0138,zabil ovderubias
357,club_3,thqe notyes,club_3_event_1,Participant,thqe,notyes,17XJ1A0172,thqe notyes
358,club_3,gretchein clewsn,club_3_event_1,Participant,gretchein,clewsn,17XJ1A0195,gretchein clewsn
359,club_3,jaaequin crist,club_3_event_3,Participant,jaaequin,crist,17XJ1A0305,jaaequin crist
360,club_1,lzine brenan,club_1_event_2,Participant,lzine,brenan,17XJ1A0338,lzine brenan
361,club_3,jocalynf fitzsmons,club_3_event_1,Participant,jocalynf,fitzsmons,17XJ1A0140,jocalynf fitzsmons
362,club_3,decrusk albers,club_3_event_2,Participant,decrusk,albers,17XJ1A0179,decrusk albers
363,club_3,aylinjseuls,club_3_event_1,Participant,aylinj,seuls,17XJ1A0149,aylinj seuls
364,club_3,kenton t,club_3_event_1,Participant,kenton,t,17XJ1A0208,kenton t
365,club_3,gugilermoheckni,club_3_event_2,Participant,gugilermo,heckni,17XJ1A0296,gugilermo heckni
366,club_2,derius wmacyhad,club_2_event_3,Participant,derius,wmacyhad,18XJ1A0261,derius wmacyhad
367,club_1,kejycecayrlin,club_1_event_2,Participant,kejyce,cayrlin,18XJ1A0194,kejyce cayrlin
368,club_2,latrell ea,club_2_event_2,Participant,latrell,ea,17XJ1A0282,latrell ea
369,club_2,shea je,club_2_event_2,Participant,shea,je,17XJ1A0235,shea je
370,club_1,loqriu il,club_1_event_1,Participant,loqriu,il,17XJ1A0337,loqriu il
371,club_1,netalygy gavin,club_1_event_2,Participant,netalygy,gavin,18XJ1A0163,netalygy gavin
372,club_1,lindereznan,club_1_event_1,Participant,lindereznan,,17XJ1A0338,lindereznan 
373,club_2,dorizs redo,club_2_event_2,Participant,dorizs,redo,17XJ1A0249,dorizs redo
374,club_3,alexeendia galraith,club_3_event_1,Participant,alexeendia,galraith,17XJ1A0218,alexeendia galraith
375,club_2,allqissebiqdle,club_2_event_3,Participant,allqisse,biqdle,18XJ1A0260,allqisse biqdle
376,club_1,nency lamyb,club_1_event_1,Participant,nency,lamyb,17XJ1A0112,nency lamyb
377,club_3,kendrijckveladz,club_3_event_1,Participant,kendrijck,veladz,17XJ1A0216,kendrijck veladz
378,club_2,flrnedo segovmia,club_2_event_2,Participant,flrnedo,segovmia,17XJ1A0265,flrnedo segovmia
379,club_2,shena ancyh,club_2_event_1,Participant,shena,ancyh,17XJ1A0335,shena ancyh
380,club_2,killien aytif,club_2_event_3,Participant,killien,aytif,18XJ1A0222,killien aytif
381,club_2,amlia ffrost,club_2_event_2,Participant,amlia,ffrost,18XJ1A0108,amlia ffrost
382,club_2,latrell ea,club_2_event_1,Participant,latrell,ea,17XJ1A0282,latrell ea
383,club_3,brittonde gilspie,club_3_event_3,Participant,brittonde,gilspie,18XJ1A0266,brittonde gilspie
384,club_2,daisha yo,club_2_event_2,organiser_3,daisha,yo,17XJ1A0157,daisha yo
385,club_1,qmistylevoie,club_1_event_1,Participant,misty,levoie,17XJ1A0258,misty levoie
386,club_3,alize do,club_3_event_1,Participant,alize,do,18XJ1A0345,alize do
387,club_1,siege scrock,club_1_event_1,Participant,siege,scrock,17XJ1A0165,siege scrock
388,club_1,kerltb paris,club_1_event_3,Participant,kerltb,paris,17XJ1A0173,kerltb paris
389,club_1,deerfo white,club_1_event_1,Participant,deerfo,white,17XJ1A0292,deerfo white
390,club_2,ciera john a,club_2_event_1,Participant,ciera,a,18XJ1A0191,ciera a
391,club_1,jezmyon syhid,club_1_event_2,Participant,jezmyon,syhid,18XJ1A0312,jezmyon syhid
392,club_2,allen m,club_2_event_1,Participant,allen,m,17XJ1A0106,allen m
393,club_3,cornelius mejcias,club_3_event_3,Participant,cornelius,mejcias,18XJ1A0327,cornelius mejcias
394,club_1,obdynf guzmen,club_1_event_1,Participant,obdynf,guzmen,18XJ1A0313,obdynf guzmen
395,club_2,e alina,club_2_event_3,Participant,e,alina,18XJ1A0274,e alina
396,club_3,keypna grubs,club_3_event_1,Participant,keypna,grubs,17XJ1A0146,keypna grubs
397,club_2,abzril cvperubias,club_2_event_3,Participant,abzril,cvperubias,18XJ1A0138,abzril cvperubias
398,club_2,loi giol,club_2_event_3,Participant,loi,giol,17XJ1A0337,loi giol
399,club_2,ray mc,club_2_event_2,Participant,ray,mc,18XJ1A0314,ray mc
400,club_2,leh roct,club_2_event_1,Participant,leh,roct,17XJ1A0133,leh roct
401,club_1,stephon sm,club_1_event_2,Participant,stephon,sm,17XJ1A0115,stephon sm
402,club_3,allsse biadle,club_3_event_2,Participant,allsse,biadle,18XJ1A0260,allsse biadle
403,club_2,ashtyn bvnezmin,club_2_event_2,Participant,ashtyn,bvnezmin,17XJ1A0204,ashtyn bvnezmin
404,club_3,lori g,club_3_event_2,Participant,lori,g,17XJ1A0337,lori g
405,club_1,keyce arlin,club_1_event_1,Participant,keyce,arlin,18XJ1A0194,keyce arlin
406,club_1,chrsty ellwiot,club_1_event_3,Participant,chrsty,ellwiot,18XJ1A0141,chrsty ellwiot
407,club_2,nor sydejr,club_2_event_2,Participant,nor,sydejr,18XJ1A0301,nor sydejr
408,club_1,alearh chishowlm,club_1_event_3,Participant,alearh,chishowlm,17XJ1A0275,alearh chishowlm
409,club_2,theodore sc,club_2_event_1,Participant,theodore,sc,18XJ1A0131,theodore sc
410,club_1,devyn ew,club_1_event_1,Participant,devyn,ew,17XJ1A0120,devyn ew
411,club_1,jevioer breux,club_1_event_2,Participant,jevioer,breux,18XJ1A0221,jevioer breux
412,club_1,blaine mc,club_1_event_1,Participant,blaine,mc,17XJ1A0167,blaine mc
413,club_3,jacey d,club_3_event_1,Participant,jacey,d,18XJ1A0146,jacey d
414,club_1,alina john e,club_1_event_1,Participant,alina,e,18XJ1A0274,alina e
415,club_2,sthahpon smot,club_2_event_1,Participant,sthahpon,smot,17XJ1A0115,sthahpon smot
416,club_3,mckazie hitchqcoick,club_3_event_3,organiser_4,mckazie,hitchqcoick,17XJ1A0200,mckazie hitchqcoick
417,club_1,joslyffn berw,club_1_event_1,Participant,joslyffn,berw,17XJ1A0347,joslyffn berw
418,club_2,kshee jekirns,club_2_event_1,Participant,kshee,jekirns,17XJ1A0235,kshee jekirns
419,club_2,alann mcphersn,club_2_event_2,Participant,alann,mcphersn,17XJ1A0106,alann mcphersn
420,club_3,kethrine weonae,club_3_event_2,organiser_1,kethrine,weonae,18XJ1A0142,kethrine weonae
421,club_1,abril co,club_1_event_1,Participant,abril,co,18XJ1A0138,abril co
422,club_1,qlitzy myar,club_1_event_2,Participant,qlitzy,myar,18XJ1A0162,qlitzy myar
423,club_3,merganda dunawi,club_3_event_2,Participant,merganda,dunawi,18XJ1A0235,merganda dunawi
424,club_1,christiwon cooa,club_1_event_1,Participant,christiwon,cooa,17XJ1A0170,christiwon cooa
425,club_2,ameiya slasno,club_2_event_3,Participant,ameiya,slasno,17XJ1A0147,ameiya slasno
426,club_3,ilplien ralif,club_3_event_2,Participant,ilplien,ralif,18XJ1A0222,ilplien ralif
427,club_2,thee knyes,club_2_event_2,Participant,thee,knyes,17XJ1A0172,thee knyes
428,club_1,ashtyn be,club_1_event_3,Participant,ashtyn,be,17XJ1A0204,ashtyn be
429,club_2,amalia john f,club_2_event_1,Participant,amalia,f,18XJ1A0108,amalia f
430,club_1,keri cetrir,club_1_event_2,Participant,keri,cetrir,17XJ1A0101,keri cetrir
431,club_2,keri ceiuer,club_2_event_2,Participant,keri,ceiuer,17XJ1A0101,keri ceiuer
432,club_3,haidi whitmre,club_3_event_3,Participant,haidi,whitmre,18XJ1A0173,haidi whitmre
433,club_1,ketelyns harlow,club_1_event_2,Participant,ketelyns,harlow,18XJ1A0145,ketelyns harlow
434,club_2,kgredy qsampe,club_2_event_1,Participant,kgredy,qsampe,17XJ1A0171,kgredy qsampe
435,club_3,g lori,club_3_event_3,Participant,g,lori,17XJ1A0337,g lori
436,club_1,kelstd whiteside,club_1_event_3,Participant,kelstd,whiteside,17XJ1A0192,kelstd whiteside
437,club_1,s warren,club_1_event_3,Participant,s,warren,17XJ1A0293,s warren
438,club_1,geret cgockrel,club_1_event_1,Participant,geret,cgockrel,18XJ1A0318,geret cgockrel
439,club_1,alanumcuphersn,club_1_event_2,Participant,alanu,mcuphersn,17XJ1A0106,alanu mcuphersn
440,club_2,brannen elrison,club_2_event_1,Participant,brannen,elrison,17XJ1A0209,brannen elrison
441,club_3,mrrczelo weber,club_3_event_2,Participant,mrrczelo,weber,18XJ1A0211,mrrczelo weber
442,club_1,lori gil,club_1_event_2,Participant,lori,gil,17XJ1A0337,lori gil
443,club_1,nezlise dwietz,club_1_event_1,Participant,nezlise,dwietz,17XJ1A0210,nezlise dwietz
444,club_3,soegeschrpock,club_3_event_3,Participant,soege,schrpock,17XJ1A0165,soege schrpock
445,club_2,juqstyn oatz,club_2_event_1,Participant,juqstyn,oatz,17XJ1A0259,juqstyn oatz
446,club_1,jarjun pyne,club_1_event_1,Participant,jarjun,pyne,18XJ1A0159,jarjun pyne
447,club_1,javier br,club_1_event_3,Participant,javier,br,18XJ1A0252,javier br
448,club_3,allise bidle,club_3_event_3,Participant,allise,bidle,18XJ1A0260,allise bidle
449,club_3,kaycee co,club_3_event_3,Participant,kaycee,co,18XJ1A0273,kaycee co
450,club_3,quinton ta,club_3_event_1,Participant,quinton,ta,18XJ1A0197,quinton ta
451,club_1,gerre cyockrel,club_1_event_2,Participant,gerre,cyockrel,18XJ1A0318,gerre cyockrel
452,club_2,htysvhewn esino,club_2_event_2,Participant,htysvhewn,esino,18XJ1A0185,htysvhewn esino
453,club_3,iera jauregjy,club_3_event_3,Participant,iera,jauregjy,17XJ1A0243,iera jauregjy
454,club_1,nancy l,club_1_event_2,Participant,nancy,l,17XJ1A0112,nancy l
455,club_3,marco r,club_3_event_3,Participant,marco,r,18XJ1A0180,marco r
456,club_2,jordi ta,club_2_event_1,Participant,jordi,ta,18XJ1A0335,jordi ta
457,club_2,yisroahl isk,club_2_event_2,Participant,yisroahl,isk,17XJ1A0348,yisroahl isk
458,club_3,sena cairbanks,club_3_event_2,Participant,sena,cairbanks,18XJ1A0156,sena cairbanks
459,club_1,jocwalyn fitzsimons,club_1_event_3,Participant,jocwalyn,fitzsimons,17XJ1A0140,jocwalyn fitzsimons
460,club_2,gjrrett mui,club_2_event_3,Participant,gjrrett,mui,17XJ1A0246,gjrrett mui
461,club_3,ryia gomenz,club_3_event_1,Participant,ryia,gomenz,17XJ1A0323,ryia gomenz
462,club_3,rudy br,club_3_event_2,Participant,rudy,br,17XJ1A0224,rudy br
463,club_1,edan rig,club_1_event_1,Participant,edan,rig,17XJ1A0228,edan rig
464,club_3,kierfsti miwerd,club_3_event_2,Participant,kierfsti,miwerd,18XJ1A0339,kierfsti miwerd
465,club_1,jdidieh clxarkson,club_1_event_2,Participant,jdidieh,clxarkson,17XJ1A0281,jdidieh clxarkson
466,club_3,tatum he,club_3_event_1,Participant,tatum,he,18XJ1A0171,tatum he
467,club_2,reeyn ostewardd,club_2_event_3,Participant,reeyn,ostewardd,18XJ1A0343,reeyn ostewardd
468,club_2,clyde john l,club_2_event_2,Participant,clyde,l,17XJ1A0318,clyde l
469,club_1,stapgho smot,club_1_event_1,Participant,stapgho,smot,17XJ1A0115,stapgho smot
470,club_3,deegseo neuman,club_3_event_2,Participant,deegseo,neuman,18XJ1A0284,deegseo neuman
471,club_1,lyndsay s,club_1_event_2,Participant,lyndsay,s,18XJ1A0289,lyndsay s
472,club_2,jeilyn seward,club_2_event_1,Participant,jeilyn,seward,18XJ1A0192,jeilyn seward
473,club_3,gredy osamle,club_3_event_3,Participant,gredy,osamle,17XJ1A0171,gredy osamle
474,club_1,jeylankrreger,club_1_event_1,Participant,jeylan,krreger,18XJ1A0161,jeylan krreger
475,club_2,reegqan hoiughto,club_2_event_2,Participant,reegqan,hoiughto,18XJ1A0243,reegqan hoiughto
476,club_3,ashtyn be,club_3_event_2,Participant,ashtyn,be,17XJ1A0204,ashtyn be
477,club_1,igbeim sun,club_1_event_3,Participant,igbeim,sun,18XJ1A0147,igbeim sun
478,club_3,chelesgy den,club_3_event_1,Participant,chelesgy,den,17XJ1A0205,chelesgy den
479,club_1,reymundo benbvides,club_1_event_2,Participant,reymundo,benbvides,17XJ1A0225,reymundo benbvides
480,club_1,grejdy sampqe,club_1_event_1,Participant,grejdy,sampqe,17XJ1A0171,grejdy sampqe
481,club_2,dengeo hnfeuman,club_2_event_2,Participant,dengeo,hnfeuman,18XJ1A0284,dengeo hnfeuman
482,club_1,daxter dune,club_1_event_1,Participant,daxter,dune,18XJ1A0213,daxter dune
483,club_3,amneliia frot,club_3_event_1,Participant,amneliia,frot,18XJ1A0108,amneliia frot
484,club_2,sabegail mmrx,club_2_event_1,Participant,sabegail,mmrx,18XJ1A0202,sabegail mmrx
485,club_2,jecy tapton,club_2_event_2,Participant,jecy,tapton,18XJ1A0291,jecy tapton
486,club_1,alpison mvi,club_1_event_2,Participant,alpison,mvi,17XJ1A0255,alpison mvi
487,club_2,justyn goatz,club_2_event_3,organiser_4,justyn,goatz,17XJ1A0259,justyn goatz
488,club_1,everett john f,club_1_event_1,Participant,everett,f,17XJ1A0261,everett f
489,club_1,jeylan kriger,club_1_event_2,Participant,jeylan,kriger,18XJ1A0161,jeylan kriger
490,club_1,leah john r,club_1_event_2,Participant,leah,r,17XJ1A0133,leah r
491,club_2,kanzeo meier,club_2_event_3,Participant,kanzeo,meier,18XJ1A0228,kanzeo meier
492,club_1,justnq goatz,club_1_event_2,Participant,justnq,goatz,17XJ1A0259,justnq goatz
493,club_1,johnson sc,club_1_event_2,Participant,johnson,sc,18XJ1A0183,johnson sc
494,club_3,saydnay ow,club_3_event_2,Participant,saydnay,ow,18XJ1A0265,saydnay ow
495,club_2,krierajaurgy,club_2_event_3,Participant,kriera,jaurgy,17XJ1A0243,kriera jaurgy
496,club_2,t phoenix,club_2_event_2,Participant,t,phoenix,17XJ1A0128,t phoenix
497,club_2,heidi w,club_2_event_2,Participant,heidi,w,18XJ1A0173,heidi w
498,club_2,crystew leavi,club_2_event_1,Participant,crystew,leavi,17XJ1A0163,crystew leavi
499,club_3,joeqsuin crist,club_3_event_1,Participant,joeqsuin,crist,17XJ1A0305,joeqsuin crist
500,club_2,l lorena,club_2_event_1,Participant,l,lorena,17XJ1A0312,l lorena
501,club_2,brehidm sun,club_2_event_3,Participant,brehidm,sun,18XJ1A0147,brehidm sun
502,club_2,sserenity cestlo,club_2_event_2,Participant,sserenity,cestlo,18XJ1A0144,sserenity cestlo
503,club_2,cristonbelfalon,club_2_event_1,organiser_2,cristonbel,falon,18XJ1A0300,cristonbel falon
504,club_1,clyyd lindsi,club_1_event_2,Participant,clyyd,lindsi,17XJ1A0318,clyyd lindsi
505,club_2,igeson hexim,club_2_event_1,Participant,igeson,hexim,17XJ1A0193,igeson hexim
506,club_3,galilea vi,club_3_event_2,Participant,galilea,vi,17XJ1A0109,galilea vi
507,club_1,rwudy brdli,club_1_event_3,Participant,rwudy,brdli,17XJ1A0224,rwudy brdli
508,club_2,jeelifn milin,club_2_event_2,Participant,jeelifn,milin,17XJ1A0153,jeelifn milin
509,club_2,klouis sexmels,club_2_event_1,Participant,klouis,sexmels,17XJ1A0142,klouis sexmels
510,club_3,delanie john g,club_3_event_2,Participant,delanie,g,17XJ1A0230,delanie g
511,club_3,erett flngod,club_3_event_2,Participant,erett,flngod,18XJ1A0150,erett flngod
512,club_3,johnathon le,club_3_event_2,Participant,johnathon,le,18XJ1A0334,johnathon le
513,club_3,marcello w,club_3_event_1,Participant,marcello,w,18XJ1A0211,marcello w
514,club_2,arjukn peyn,club_2_event_1,Participant,arjukn,peyn,18XJ1A0159,arjukn peyn
515,club_1,g alexandria,club_1_event_1,Participant,g,alexandria,17XJ1A0218,g alexandria
516,club_1,rioneikgrimes,club_1_event_2,Participant,grimes,,18XJ1A0285,grimes 
517,club_1,alenah cphnsholm,club_1_event_1,Participant,alenah,cphnsholm,17XJ1A0275,alenah cphnsholm
518,club_2,janell h,club_2_event_3,Participant,janell,h,17XJ1A0313,janell h
519,club_3,ztysvhewn epio,club_3_event_1,Participant,ztysvhewn,epio,18XJ1A0185,ztysvhewn epio
520,club_2,ajein miltiga,club_2_event_1,Participant,ajein,miltiga,17XJ1A0153,ajein miltiga
521,club_3,nancy la,club_3_event_1,Participant,nancy,la,17XJ1A0112,nancy la
522,club_3,dektota oyer,club_3_event_3,Participant,dektota,oyer,17XJ1A0284,dektota oyer
523,club_3,echeryp schrakder,club_3_event_2,Participant,echeryp,schrakder,18XJ1A0135,echeryp schrakder
524,club_1,psemejj plumr,club_1_event_3,organiser_2,psemejj,plumr,18XJ1A0212,psemejj plumr
525,club_3,erenithy cemstilo,club_3_event_1,Participant,erenithy,cemstilo,18XJ1A0144,erenithy cemstilo
526,club_2,annte qjahmed,club_2_event_2,Participant,annte,qjahmed,18XJ1A0100,annte qjahmed
527,club_3,anelnisedietz,club_3_event_2,Participant,anelnise,dietz,17XJ1A0210,anelnise dietz
528,club_1,aislay clenton,club_1_event_2,Participant,aislay,clenton,18XJ1A0187,aislay clenton
529,club_2,justyr lgoatz,club_2_event_3,Participant,justyr,lgoatz,17XJ1A0259,justyr lgoatz
530,club_1,guilermo hpekni,club_1_event_2,Participant,guilermo,hpekni,17XJ1A0296,guilermo hpekni
531,club_3,h mckenzie,club_3_event_2,Participant,h,mckenzie,17XJ1A0167,h mckenzie
532,club_1,lyjndseschulezr,club_1_event_1,Participant,lyjndse,schulezr,18XJ1A0289,lyjndse schulezr
533,club_3,milod grnfield,club_3_event_2,Participant,milod,grnfield,17XJ1A0215,milod grnfield
534,club_2,g milo,club_2_event_2,Participant,g,milo,17XJ1A0215,g milo
535,club_1,gusutevo ml,club_1_event_1,Participant,gusutevo,ml,17XJ1A0118,gusutevo ml
536,club_1,dxtr durne,club_1_event_2,Participant,dxtr,durne,18XJ1A0213,dxtr durne
537,club_1,henry johense,club_1_event_2,Participant,henry,johense,18XJ1A0311,henry johense
538,club_2,hoaidi whitozre,club_2_event_3,Participant,hoaidi,whitozre,18XJ1A0173,hoaidi whitozre
539,club_1,gelin milign,club_1_event_2,Participant,gelin,milign,17XJ1A0153,gelin milign
540,club_2,alexendrea staxnes,club_2_event_2,Participant,alexendrea,staxnes,18XJ1A0167,alexendrea staxnes
541,club_2,justp goathz,club_2_event_1,organiser_4,justp,goathz,17XJ1A0259,justp goathz
542,club_2,judith ho,club_2_event_3,Participant,judith,ho,18XJ1A0258,judith ho
543,club_2,brionna gr,club_2_event_1,Participant,brionna,gr,18XJ1A0285,brionna gr
544,club_1,lexekndrea starns,club_1_event_2,Participant,lexekndrea,starns,18XJ1A0167,lexekndrea starns
545,club_1,s raelyn,club_1_event_1,Participant,s,raelyn,18XJ1A0343,s raelyn
546,club_1,ayln sjeepls,club_1_event_1,Participant,ayln,sjeepls,17XJ1A0149,ayln sjeepls
547,club_1,aen goedtz,club_1_event_1,Participant,aen,goedtz,18XJ1A0181,aen goedtz
548,club_1,coemexn peae,club_1_event_2,Participant,coemexn,peae,18XJ1A0286,coemexn peae
549,club_2,irelenndbenier,club_2_event_2,Participant,irelennd,benier,17XJ1A0341,irelennd benier
550,club_2,itzky moyar,club_2_event_3,Participant,itzky,moyar,18XJ1A0162,itzky moyar
551,club_1,santiago john n,club_1_event_2,Participant,santiago,n,17XJ1A0257,santiago n
552,club_3,jenny ba,club_3_event_2,Participant,jenny,ba,17XJ1A0185,jenny ba
553,club_1,xkanton tejo,club_1_event_2,Participant,xkanton,tejo,17XJ1A0208,xkanton tejo
554,club_3,reymundo kenavides,club_3_event_1,Participant,reymundo,kenavides,17XJ1A0225,reymundo kenavides
555,club_2,alenah hmsholm,club_2_event_1,Participant,alenah,hmsholm,17XJ1A0275,alenah hmsholm
556,club_2,qruinten teylo,club_2_event_2,Participant,qruinten,teylo,18XJ1A0197,qruinten teylo
557,club_2,awis bredlave,club_2_event_3,Participant,awis,bredlave,17XJ1A0233,awis bredlave
558,club_2,jenny john b,club_2_event_3,Participant,jenny,b,17XJ1A0185,jenny b
559,club_3,derus abferhs,club_3_event_1,Participant,derus,abferhs,17XJ1A0179,derus abferhs
560,club_1,deengelo neumsn,club_1_event_2,Participant,deengelo,neumsn,18XJ1A0284,deengelo neumsn
561,club_3,griselda john a,club_3_event_1,Participant,griselda,a,18XJ1A0280,griselda a
562,club_1,brionegrimyes,club_1_event_1,Participant,brione,grimyes,18XJ1A0285,brione grimyes
563,club_3,giovanna john f,club_3_event_1,Participant,giovanna,f,17XJ1A0291,giovanna f
564,club_3,kethinem leone,club_3_event_1,organiser_1,kethinem,leone,18XJ1A0142,kethinem leone
565,club_3,marco john r,club_3_event_2,Participant,marco,r,18XJ1A0180,marco r
566,club_1,emdej plumer,club_1_event_1,organiser_2,emdej,plumer,18XJ1A0212,emdej plumer
567,club_2,ali vejneges,club_2_event_2,Participant,ali,vejneges,18XJ1A0195,ali vejneges
568,club_3,robyd guqmen,club_3_event_2,Participant,robyd,guqmen,18XJ1A0313,robyd guqmen
569,club_2,jevievr breau,club_2_event_1,Participant,jevievr,breau,18XJ1A0221,jevievr breau
570,club_3,jeierw brejux,club_3_event_3,Participant,jeierw,brejux,18XJ1A0221,jeierw brejux
571,club_2,jediieh yclarkson,club_2_event_1,Participant,jediieh,yclarkson,17XJ1A0281,jediieh yclarkson
572,club_3,c gretchen,club_3_event_2,Participant,c,gretchen,17XJ1A0195,c gretchen
573,club_1,giovenafcugate,club_1_event_1,Participant,giovena,fcugate,17XJ1A0291,giovena fcugate
574,club_3,qilo gxranfield,club_3_event_1,Participant,qilo,gxranfield,17XJ1A0215,qilo gxranfield
575,club_2,mercelo wbeer,club_2_event_2,Participant,mercelo,wbeer,18XJ1A0211,mercelo wbeer
576,club_3,dnnise mnor,club_3_event_1,Participant,dnnise,mnor,18XJ1A0340,dnnise mnor
577,club_1,alin enegezs,club_1_event_1,Participant,alin,enegezs,18XJ1A0195,alin enegezs
578,club_2,natalya john g,club_2_event_2,Participant,natalya,g,18XJ1A0163,natalya g
579,club_2,mireye ofdfrei,club_2_event_2,Participant,mireye,ofdfrei,18XJ1A0287,mireye ofdfrei
580,club_1,gredy satmepe,club_1_event_3,Participant,gredy,satmepe,17XJ1A0171,gredy satmepe
581,club_2,ohnetan mose,club_2_event_2,Participant,ohnetan,mose,18XJ1A0306,ohnetan mose
582,club_1,chrisison coan,club_1_event_3,Participant,chrisison,coan,17XJ1A0170,chrisison coan
583,club_2,dayna st,club_2_event_3,Participant,dayna,st,18XJ1A0233,dayna st
584,club_2,sage sc,club_2_event_2,Participant,sage,sc,17XJ1A0165,sage sc
585,club_3,evererof cronii,club_3_event_2,Participant,evererof,cronii,17XJ1A0217,evererof cronii
586,club_3,aya john k,club_3_event_1,Participant,aya,k,18XJ1A0107,aya k
587,club_3,gert iocockrel,club_3_event_2,Participant,gert,iocockrel,18XJ1A0318,gert iocockrel
588,club_3,kobe besriento,club_3_event_2,Participant,kobe,besriento,18XJ1A0338,kobe besriento
589,club_3,ecse franz,club_3_event_1,Participant,ecse,franz,17XJ1A0150,ecse franz
590,club_3,jeier cbrewaux,club_3_event_2,Participant,jeier,cbrewaux,18XJ1A0221,jeier cbrewaux
591,club_1,dyna sttlae,club_1_event_3,Participant,dyna,sttlae,18XJ1A0233,dyna sttlae
592,club_3,alineervik,club_3_event_3,Participant,aline,ervik,18XJ1A0274,aline ervik
593,club_3,irvin john l,club_3_event_1,Participant,irvin,l,18XJ1A0117,irvin l
594,club_2,herman tu,club_2_event_1,Participant,herman,tu,18XJ1A0276,herman tu
595,club_2,mkerrla aris,club_2_event_2,Participant,mkerrla,aris,17XJ1A0173,mkerrla aris
596,club_1,abdullah r,club_1_event_2,Participant,abdullah,r,17XJ1A0132,abdullah r
597,club_1,daria d,club_1_event_2,Participant,daria,d,18XJ1A0331,daria d
598,club_1,killiemnratlif,club_1_event_1,Participant,killiemn,ratlif,18XJ1A0222,killiemn ratlif
599,club_2,kaycee ca,club_2_event_1,Participant,kaycee,ca,18XJ1A0194,kaycee ca
600,club_3,jozequincrist,club_3_event_2,Participant,jozequin,crist,17XJ1A0305,jozequin crist
601,club_1,ayln seels,club_1_event_1,organiser_4,ayln,seels,17XJ1A0149,ayln seels
602,club_1,qketelyfn harw,club_1_event_1,Participant,qketelyfn,harw,18XJ1A0145,qketelyfn harw
603,club_2,ambar rudlph,club_2_event_1,Participant,ambar,rudlph,18XJ1A0189,ambar rudlph
604,club_2,cchelseybdeen,club_2_event_2,Participant,cchelseyb,deen,17XJ1A0205,cchelseyb deen
605,club_3,ashtyn be,club_3_event_1,Participant,ashtyn,be,17XJ1A0204,ashtyn be
606,club_1,iee alsmanza,club_1_event_1,Participant,iee,alsmanza,18XJ1A0191,iee alsmanza
607,club_1,dakotah john b,club_1_event_1,Participant,dakotah,b,17XJ1A0284,dakotah b
608,club_2,bredle kmazur,club_2_event_1,Participant,bredle,kmazur,18XJ1A0198,bredle kmazur
609,club_2,kierstn milcerbd,club_2_event_2,Participant,kierstn,milcerbd,18XJ1A0339,kierstn milcerbd
610,club_2,thwaodore scfmidt,club_2_event_2,Participant,thwaodore,scfmidt,18XJ1A0131,thwaodore scfmidt
611,club_3,doris pr,club_3_event_1,Participant,doris,pr,17XJ1A0249,doris pr
612,club_1,etriciva gros,club_1_event_1,Participant,etriciva,gros,17XJ1A0286,etriciva gros
613,club_3,cohnelius mecias,club_3_event_1,Participant,cohnelius,mecias,18XJ1A0327,cohnelius mecias
614,club_2,asjhtyn benjegmn,club_2_event_3,Participant,asjhtyn,benjegmn,17XJ1A0204,asjhtyn benjegmn
615,club_3,yisrol usisk,club_3_event_1,Participant,yisrol,usisk,17XJ1A0348,yisrol usisk
616,club_1,benel hager,club_1_event_1,Participant,benel,hager,17XJ1A0313,benel hager
617,club_2,warren john s,club_2_event_3,Participant,warren,s,17XJ1A0293,warren s
618,club_2,pnetalya arvin,club_2_event_3,Participant,pnetalya,arvin,18XJ1A0163,pnetalya arvin
619,club_2,c kalee,club_2_event_1,Participant,c,kalee,17XJ1A0181,c kalee
620,club_2,ibrahim su,club_2_event_2,Participant,ibrahim,su,18XJ1A0147,ibrahim su
621,club_2,eylan kprieger,club_2_event_2,Participant,eylan,kprieger,18XJ1A0161,eylan kprieger
622,club_3,alan mcpgheson,club_3_event_1,Participant,alan,mcpgheson,17XJ1A0106,alan mcpgheson
623,club_2,joselyn john b,club_2_event_2,Participant,joselyn,b,17XJ1A0347,joselyn b
624,club_3,jhvon kirk,club_3_event_2,Participant,jhvon,kirk,17XJ1A0294,jhvon kirk
625,club_3,klfena logan,club_3_event_1,organiser_3,klfena,logan,17XJ1A0189,klfena logan
626,club_3,loene lamiar,club_3_event_2,Participant,loene,lamiar,17XJ1A0312,loene lamiar
627,club_3,sejana cdornzwel,club_3_event_1,Participant,sejana,cdornzwel,17XJ1A0187,sejana cdornzwel
628,club_3,kristpien jansen,club_3_event_2,Participant,kristpien,jansen,17XJ1A0343,kristpien jansen
629,club_3,entiagqoe naeau,club_3_event_3,Participant,entiagqoe,naeau,17XJ1A0257,entiagqoe naeau
630,club_3,jarrett john m,club_3_event_1,Participant,jarrett,m,17XJ1A0246,jarrett m
631,club_2,justyn g,club_2_event_2,organiser_4,justyn,g,17XJ1A0259,justyn g
632,club_2,cristopeol falon,club_2_event_3,organiser_2,cristopeol,falon,18XJ1A0300,cristopeol falon
633,club_1,rsege scrck,club_1_event_3,Participant,rsege,scrck,17XJ1A0165,rsege scrck
634,club_3,reegn houghton,club_3_event_1,Participant,reegn,houghton,18XJ1A0243,reegn houghton
635,club_2,see guthrbie,club_2_event_2,Participant,see,guthrbie,17XJ1A0278,see guthrbie
636,club_2,joequmn crist,club_2_event_1,Participant,joequmn,crist,17XJ1A0305,joequmn crist
637,club_3,mckanzie hichcocok,club_3_event_3,Participant,mckanzie,hichcocok,17XJ1A0200,mckanzie hichcocok
638,club_3,abdullah re,club_3_event_2,Participant,abdullah,re,17XJ1A0145,abdullah re
639,club_2,irehwim saun,club_2_event_1,Participant,irehwim,saun,18XJ1A0147,irehwim saun
640,club_1,bradley ma,club_1_event_1,Participant,bradley,ma,18XJ1A0198,bradley ma
641,club_2,kea grenfiejld,club_2_event_1,Participant,kea,grenfiejld,18XJ1A0282,kea grenfiejld
642,club_3,chelsey john d,club_3_event_2,Participant,chelsey,d,17XJ1A0205,chelsey d
643,club_1,b javier,club_1_event_1,Participant,b,javier,18XJ1A0221,b javier
644,club_3,a darrius,club_3_event_3,Participant,a,darrius,18XJ1A0261,a darrius
645,club_3,ouias semuels,club_3_event_3,Participant,ouias,semuels,17XJ1A0142,ouias semuels
646,club_3,m kierstin,club_3_event_3,Participant,m,kierstin,18XJ1A0339,m kierstin
647,club_2,qdeisa yon,club_2_event_1,organiser_3,qdeisa,yon,17XJ1A0157,qdeisa yon
648,club_3,keye carnglin,club_3_event_1,Participant,keye,carnglin,18XJ1A0194,keye carnglin
649,club_1,kellie evere,club_1_event_1,Participant,kellie,evere,17XJ1A0261,kellie evere
650,club_1,delnive gilbefrtsn,club_1_event_2,Participant,delnive,gilbefrtsn,17XJ1A0230,delnive gilbefrtsn
651,club_1,alse bertzrend,club_1_event_3,Participant,alse,bertzrend,18XJ1A0178,alse bertzrend
652,club_1,ypdne meelrs,club_1_event_1,Participant,ypdne,meelrs,17XJ1A0314,ypdne meelrs
653,club_3,killian r,club_3_event_3,Participant,killian,r,18XJ1A0222,killian r
654,club_2,guillermo ha,club_2_event_3,organiser_5,guillermo,ha,17XJ1A0296,guillermo ha
655,club_3,wxre schofield,club_3_event_2,Participant,wxre,schofield,17XJ1A0293,wxre schofield
656,club_2,chrity eliiot,club_2_event_2,Participant,chrity,eliiot,18XJ1A0141,chrity eliiot
657,club_1,njate ahmed,club_1_event_3,organiser_1,njate,ahmed,18XJ1A0100,njate ahmed
658,club_1,jacey di,club_1_event_1,Participant,jacey,di,18XJ1A0146,jacey di
659,club_1,aba srudolph,club_1_event_1,Participant,aba,srudolph,18XJ1A0189,aba srudolph
660,club_2,w amina,club_2_event_3,Participant,w,amina,17XJ1A0199,w amina
661,club_2,k kayleigh,club_2_event_1,Participant,k,kayleigh,17XJ1A0113,k kayleigh
662,club_1,frank h,club_1_event_1,Participant,frank,h,17XJ1A0332,frank h
663,club_1,lks cmcgge,club_1_event_3,Participant,lks,cmcgge,18XJ1A0298,lks cmcgge
664,club_1,rylie g,club_1_event_3,Participant,rylie,g,17XJ1A0323,rylie g
665,club_2,g cody,club_2_event_2,Participant,g,cody,18XJ1A0348,g cody
666,club_2,ronenynbaget,club_2_event_2,Participant,ronenyn,baget,17XJ1A0137,ronenyn baget
667,club_3,ouis fsemuels,club_3_event_1,Participant,ouis,fsemuels,17XJ1A0142,ouis fsemuels
668,club_3,mongseret oamax,club_3_event_2,Participant,mongseret,oamax,18XJ1A0128,mongseret oamax
669,club_1,sanjana john c,club_1_event_1,Participant,sanjana,c,17XJ1A0187,sanjana c
670,club_3,jcalydn fitzsimon,club_3_event_3,Participant,jcalydn,fitzsimon,17XJ1A0140,jcalydn fitzsimon
671,club_1,ntralya garvin,club_1_event_1,Participant,ntralya,garvin,18XJ1A0163,ntralya garvin
672,club_2,remundxo zapata,club_2_event_3,Participant,remundxo,zapata,17XJ1A0322,remundxo zapata
673,club_1,j shea,club_1_event_3,Participant,j,shea,17XJ1A0235,j shea
674,club_3,gpre sample,club_3_event_1,Participant,gpre,sample,17XJ1A0171,gpre sample
675,club_3,deengelo nepummn,club_3_event_1,Participant,deengelo,nepummn,18XJ1A0284,deengelo nepummn
676,club_1,lindep brena,club_1_event_3,Participant,lindep,brena,17XJ1A0338,lindep brena
677,club_2,santiago na,club_2_event_1,Participant,santiago,na,17XJ1A0257,santiago na
678,club_1,alexendimz galbraith,club_1_event_2,Participant,alexendimz,galbraith,17XJ1A0218,alexendimz galbraith
679,club_1,sege schxro,club_1_event_2,Participant,sege,schxro,17XJ1A0165,sege schxro
680,club_2,chelse deen,club_2_event_3,Participant,chelse,deen,17XJ1A0205,chelse deen
681,club_1,cirre aldmanza,club_1_event_2,Participant,cirre,aldmanza,18XJ1A0191,cirre aldmanza
682,club_3,jmes pavtrck,club_3_event_1,Participant,jmes,pavtrck,18XJ1A0307,jmes pavtrck
683,club_1,bleieneh mckenzi,club_1_event_2,Participant,bleieneh,mckenzi,17XJ1A0167,bleieneh mckenzi
684,club_1,theodore sc,club_1_event_2,Participant,theodore,sc,18XJ1A0131,theodore sc
685,club_1,gabriel h,club_1_event_2,Participant,gabriel,h,18XJ1A0251,gabriel h
686,club_2,cristyobelfalun,club_2_event_2,organiser_2,cristyobel,falun,18XJ1A0300,cristyobel falun
687,club_1,ceristionncohan,club_1_event_2,Participant,ceristionn,cohan,17XJ1A0170,ceristionn cohan
688,club_1,quintn rxteylor,club_1_event_1,Participant,quintn,rxteylor,18XJ1A0197,quintn rxteylor
689,club_3,kobe berintos,club_3_event_1,Participant,kobe,berintos,18XJ1A0338,kobe berintos
690,club_2,etdn rig,club_2_event_3,Participant,etdn,rig,17XJ1A0228,etdn rig
691,club_3,kanze meivaer,club_3_event_2,Participant,kanze,meivaer,18XJ1A0228,kanze meivaer
692,club_1,kelsiesetgre,club_1_event_1,Participant,kelsie,setgre,18XJ1A0270,kelsie setgre
693,club_3,chanel p,club_3_event_2,Participant,chanel,p,18XJ1A0136,chanel p
694,club_2,corelius mecits,club_2_event_1,Participant,corelius,mecits,18XJ1A0327,corelius mecits
695,club_1,amaiya so,club_1_event_2,Participant,amaiya,so,17XJ1A0147,amaiya so
696,club_2,keyri cerier,club_2_event_1,Participant,keyri,cerier,17XJ1A0101,keyri cerier
697,club_3,klob berienteos,club_3_event_3,Participant,klob,berienteos,18XJ1A0338,klob berienteos
698,club_1,melpor saenz,club_1_event_2,Participant,melpor,saenz,17XJ1A0319,melpor saenz
699,club_3,shea j,club_3_event_2,Participant,shea,j,17XJ1A0235,shea j
700,club_3,hselsey deen,club_3_event_3,Participant,hselsey,deen,17XJ1A0205,hselsey deen
701,club_2,roena qmcqair,club_2_event_2,Participant,roena,qmcqair,18XJ1A0190,roena qmcqair
702,club_1,semirsa baer,club_1_event_3,Participant,semirsa,baer,17XJ1A0308,semirsa baer
703,club_2,clhenel upickt,club_2_event_2,Participant,clhenel,upickt,18XJ1A0136,clhenel upickt
704,club_2,wguilermo hecni,club_2_event_1,Participant,wguilermo,hecni,17XJ1A0296,wguilermo hecni
705,club_3,semekj bplmer,club_3_event_2,Participant,semekj,bplmer,18XJ1A0212,semekj bplmer
706,club_1,evelin dredl,club_1_event_2,Participant,evelin,dredl,18XJ1A0188,evelin dredl
707,club_1,joselyn ba,club_1_event_3,Participant,joselyn,ba,17XJ1A0347,joselyn ba
708,club_3,abril john c,club_3_event_2,Participant,abril,c,18XJ1A0138,abril c
709,club_2,dekotah boyeqt,club_2_event_1,Participant,dekotah,boyeqt,17XJ1A0284,dekotah boyeqt
710,club_3,ukes mcgde,club_3_event_1,Participant,ukes,mcgde,18XJ1A0298,ukes mcgde
711,club_3,theodore sc,club_3_event_3,Participant,theodore,sc,18XJ1A0131,theodore sc
712,club_3,l kalen,club_3_event_3,organiser_3,l,kalen,17XJ1A0189,l kalen
713,club_3,gdelilea vlasenor,club_3_event_1,Participant,gdelilea,vlasenor,17XJ1A0109,gdelilea vlasenor
714,club_3,jedidiah john c,club_3_event_2,Participant,jedidiah,c,17XJ1A0281,jedidiah c
715,club_3,stephon bu,club_3_event_2,Participant,stephon,bu,17XJ1A0190,stephon bu
716,club_2,rioyndibcki,club_2_event_1,Participant,rioyn,dibcki,17XJ1A0211,rioyn dibcki
717,club_3,alannah ch,club_3_event_2,Participant,alannah,ch,17XJ1A0275,alannah ch
718,club_2,rudy br,club_2_event_2,Participant,rudy,br,17XJ1A0224,rudy br
719,club_2,refyundo zapata,club_2_event_2,Participant,refyundo,zapata,17XJ1A0322,refyundo zapata
720,club_3,alina john e,club_3_event_2,Participant,alina,e,18XJ1A0274,alina e
721,club_3,chastity h,club_3_event_2,Participant,chastity,h,18XJ1A0245,chastity h
722,club_2,kellievezret,club_2_event_2,Participant,kellievezret,,17XJ1A0261,kellievezret 
723,club_3,cherismdwidlbur,club_3_event_2,Participant,cherismd,widlbur,18XJ1A0269,cherismd widlbur
724,club_1,p semaj,club_1_event_1,Participant,p,semaj,18XJ1A0212,p semaj
725,club_1,jenenl haegr,club_1_event_2,Participant,jenenl,haegr,17XJ1A0313,jenenl haegr
726,club_3,equellin cduran,club_3_event_2,Participant,equellin,cduran,18XJ1A0102,equellin cduran
727,club_3,mckenzie john h,club_3_event_1,organiser_4,mckenzie,h,17XJ1A0200,mckenzie h
728,club_2,hxemza caswel,club_2_event_2,Participant,hxemza,caswel,17XJ1A0300,hxemza caswel
729,club_2,jrnel yhage,club_2_event_1,Participant,jrnel,yhage,17XJ1A0313,jrnel yhage
730,club_2,gabriel hi,club_2_event_1,Participant,gabriel,hi,18XJ1A0251,gabriel hi
731,club_3,ivin lirte,club_3_event_2,Participant,ivin,lirte,18XJ1A0117,ivin lirte
732,club_2,jese fdanz,club_2_event_2,Participant,jese,fdanz,17XJ1A0150,jese fdanz
733,club_1,keles gormn,club_1_event_1,Participant,keles,gormn,18XJ1A0277,keles gormn
734,club_2,alexandria john g,club_2_event_1,Participant,alexandria,g,17XJ1A0218,alexandria g
735,club_3,killien ratlif,club_3_event_1,Participant,killien,ratlif,18XJ1A0222,killien ratlif
736,club_1,amdbber cose,club_1_event_2,Participant,amdbber,cose,18XJ1A0205,amdbber cose
737,club_2,serenity cesnil,club_2_event_1,Participant,serenity,cesnil,18XJ1A0144,serenity cesnil
738,club_1,sydney r,club_1_event_1,Participant,sydney,r,18XJ1A0265,sydney r
739,club_3,everett fl,club_3_event_3,Participant,everett,fl,18XJ1A0150,everett fl
740,club_1,lerbyn dicki,club_1_event_2,Participant,lerbyn,dicki,17XJ1A0211,lerbyn dicki
741,club_2,crwstbel falon,club_2_event_2,Participant,crwstbel,falon,18XJ1A0300,crwstbel falon
742,club_1,sntiago bnadeau,club_1_event_3,Participant,sntiago,bnadeau,17XJ1A0257,sntiago bnadeau
743,club_2,jeny berksqda,club_2_event_1,Participant,jeny,berksqda,17XJ1A0185,jeny berksqda
744,club_3,tate john b,club_3_event_2,Participant,tate,b,18XJ1A0184,tate b
745,club_3,cemily cseward,club_3_event_2,Participant,cemily,cseward,18XJ1A0192,cemily cseward
746,club_2,mnnet elace,club_2_event_1,Participant,mnnet,elace,17XJ1A0100,mnnet elace
747,club_1,f sana,club_1_event_1,Participant,f,sana,18XJ1A0156,f sana
748,club_2,raeymundo benavies,club_2_event_2,Participant,raeymundo,benavies,17XJ1A0225,raeymundo benavies
749,club_2,deenlgelo neupa,club_2_event_1,Participant,deenlgelo,neupa,18XJ1A0284,deenlgelo neupa
750,club_2,kiestmin romno,club_2_event_3,Participant,kiestmin,romno,17XJ1A0271,kiestmin romno
751,club_1,briena embi,club_1_event_1,Participant,briena,embi,18XJ1A0116,briena embi
752,club_2,jqeyla krielge,club_2_event_1,Participant,jqeyla,krielge,18XJ1A0161,jqeyla krielge
753,club_3,alyse b,club_3_event_3,Participant,alyse,b,18XJ1A0178,alyse b
754,club_1,dekotawh boyr,club_1_event_2,Participant,dekotawh,boyr,17XJ1A0284,dekotawh boyr
755,club_1,mergco rand,club_1_event_2,Participant,mergco,rand,18XJ1A0180,mergco rand
756,club_1,evarevrtt flo,club_1_event_3,Participant,evarevrtt,flo,18XJ1A0150,evarevrtt flo
757,club_2,h baby,club_2_event_1,Participant,h,baby,17XJ1A0117,h baby
758,club_1,ednan rino,club_1_event_2,Participant,ednan,rino,17XJ1A0228,ednan rino
759,club_1,craystel leavi,club_1_event_2,Participant,craystel,leavi,17XJ1A0163,craystel leavi
760,club_2,santiago na,club_2_event_2,Participant,santiago,na,17XJ1A0257,santiago na
761,club_2,ltzoy oyar,club_2_event_1,Participant,ltzoy,oyar,18XJ1A0162,ltzoy oyar
762,club_1,deriusmaachdo,club_1_event_2,Participant,derius,maachdo,18XJ1A0261,derius maachdo
763,club_3,kelsie seghue,club_3_event_2,Participant,kelsie,seghue,18XJ1A0270,kelsie seghue
764,club_2,gustev mucvl,club_2_event_3,Participant,gustev,mucvl,17XJ1A0118,gustev mucvl
765,club_2,liori il,club_2_event_1,Participant,liori,il,17XJ1A0337,liori il
766,club_3,t jacy,club_3_event_2,Participant,t,jacy,18XJ1A0291,t jacy
767,club_1,jekonqvandyke,club_1_event_2,Participant,jekonq,vandyke,17XJ1A0108,jekonq vandyke
768,club_1,derrionbasios,club_1_event_1,Participant,derrion,basios,18XJ1A0166,derrion basios
769,club_2,luciano si,club_2_event_1,Participant,luciano,si,18XJ1A0292,luciano si
770,club_1,jzoquin crisit,club_1_event_3,Participant,jzoquin,crisit,17XJ1A0305,jzoquin crisit
771,club_3,gsiselde acuna,club_3_event_2,Participant,gsiselde,acuna,18XJ1A0280,gsiselde acuna
772,club_3,lawis brdjlov,club_3_event_2,Participant,lawis,brdjlov,17XJ1A0233,lawis brdjlov
773,club_3,jarrett mu,club_3_event_2,Participant,jarrett,mu,17XJ1A0246,jarrett mu
774,club_3,shena branch,club_3_event_1,Participant,shena,branch,17XJ1A0335,shena branch
775,club_1,killin ratlisf,club_1_event_2,Participant,killin,ratlisf,18XJ1A0222,killin ratlisf
776,club_1,helseyp den,club_1_event_3,Participant,helseyp,den,17XJ1A0205,helseyp den
777,club_3,krbi cerier,club_3_event_3,Participant,krbi,cerier,17XJ1A0101,krbi cerier
778,club_1,xalin ervin,club_1_event_2,Participant,xalin,ervin,18XJ1A0274,xalin ervin
779,club_2,kjocalyn fitsimos,club_2_event_2,Participant,kjocalyn,fitsimos,17XJ1A0140,kjocalyn fitsimos
780,club_3,kalen l,club_3_event_2,organiser_3,kalen,l,17XJ1A0189,kalen l
781,club_3,kthrine leeone,club_3_event_3,organiser_1,kthrine,leeone,18XJ1A0142,kthrine leeone
782,club_1,ibrehimusku,club_1_event_2,Participant,ibrehimu,sku,18XJ1A0147,ibrehimu sku
783,club_1,mildlo ganfield,club_1_event_2,Participant,mildlo,ganfield,17XJ1A0215,mildlo ganfield
784,club_3,alison bci,club_3_event_2,Participant,alison,bci,17XJ1A0255,alison bci
785,club_3,ng,club_3_event_2,Participant,ng,,,ng
786,club_1,oevelin rerdli,club_1_event_1,Participant,oevelin,rerdli,18XJ1A0188,oevelin rerdli
787,club_1,jm,club_1_event_2,Participant,jm,,,jm
788,club_1,jm,club_1_event_1,Participant,jm,,,jm
789,club_3,krali seli,club_3_event_2,Participant,krali,seli,,krali seli
790,club_1,eredk gui,club_1_event_3,Participant,eredk,gui,,eredk gui
791,club_3,grdy bredli,club_3_event_1,Participant,grdy,bredli,,grdy bredli
792,club_2,eveli bedvli,club_2_event_1,organiser_1,eveli,bedvli,,eveli bedvli
793,club_2,rd,club_2_event_1,Participant,rd,,,rd
794,club_1,ch,club_1_event_2,Participant,ch,,,ch
795,club_1,dorisu rebo,club_1_event_2,Participant,dorisu,rebo,17XJ1A0249,dorisu rebo
796,club_2,gh,club_2_event_2,organiser_5,gh,,,gh
797,club_2,jeredgulai,club_2_event_2,Participant,jered,gulai,,jered gulai
798,club_1,fleltrel esli,club_1_event_1,Participant,fleltrel,esli,,fleltrel esli
799,club_1,plcrie coi,club_1_event_2,Participant,plcrie,coi,,plcrie coi
800,club_2,ac,club_2_event_2,Participant,ac,,,ac
801,club_3,bteby haato,club_3_event_1,Participant,bteby,haato,17XJ1A0117,bteby haato
802,club_1,jhny tovnfi,club_1_event_2,Participant,jhny,tovnfi,,jhny tovnfi
803,club_3,lw,club_3_event_1,Participant,lw,,,lw
804,club_3,kc,club_3_event_1,Participant,kc,,,kc
805,club_1,gm,club_1_event_2,Participant,gm,,,gm
806,club_2,eyvvon irpk,club_2_event_1,Participant,eyvvon,irpk,17XJ1A0294,eyvvon irpk
807,club_3,ea hdring,club_3_event_2,Participant,ea,hdring,,ea hdring
808,club_2,mjerrett sui,club_2_event_2,Participant,mjerrett,sui,,mjerrett sui
809,club_2,kamber onse,club_2_event_1,Participant,kamber,onse,18XJ1A0205,kamber onse
810,club_2,il,club_2_event_2,Participant,il,,,il
811,club_1,teoshasmali,club_1_event_1,Participant,teosha,smali,17XJ1A0180,teosha smali
812,club_3,eleo hald,club_3_event_2,Participant,eleo,hald,,eleo hald
813,club_1,kb,club_1_event_3,Participant,kb,,,kb
814,club_3,olegdd fi,club_3_event_1,Participant,olegdd,fi,,olegdd fi
815,club_1,ansnae lahed,club_1_event_1,organiser_1,ansnae,lahed,18XJ1A0100,ansnae lahed
816,club_1,kg,club_1_event_2,Participant,kg,,,kg
817,club_1,holietndfi,club_1_event_2,Participant,holietnd,fi,,holietnd fi
818,club_2,kr,club_2_event_1,Participant,kr,,,kr
819,club_1,ye epnei,club_1_event_1,Participant,ye,epnei,,ye epnei
820,club_1,ltresl azsli,club_1_event_3,Participant,ltresl,azsli,,ltresl azsli
821,club_3,annebelelel mli,club_3_event_1,Participant,annebelelel,mli,17XJ1A0125,annebelelel mli
822,club_3,ce,club_3_event_1,Participant,ce,,,ce
823,club_2,hgland fi,club_2_event_1,Participant,hgland,fi,,hgland fi
824,club_2,afbdulle irei,club_2_event_1,Participant,afbdulle,irei,,afbdulle irei
825,club_2,jenebn rei,club_2_event_1,Participant,jenebn,rei,,jenebn rei
826,club_1,reena ovmr,club_1_event_2,Participant,reena,ovmr,18XJ1A0248,reena ovmr
827,club_1,jkei erqier,club_1_event_1,Participant,jkei,erqier,,jkei erqier
828,club_3,rwy mcnei,club_3_event_3,Participant,rwy,mcnei,,rwy mcnei
829,club_1,hf,club_1_event_1,Participant,hf,,,hf
830,club_1,aw,club_1_event_2,Participant,aw,,,aw
831,club_3,jormdi e,club_3_event_2,Participant,jormdi,e,18XJ1A0335,jormdi e
832,club_2,jk,club_2_event_2,Participant,jk,,,jk
833,club_3,etrmel feali,club_3_event_1,Participant,etrmel,feali,,etrmel feali
834,club_2,edria aii,club_2_event_1,Participant,edria,aii,,edria aii
835,club_1,emeq plumeer,club_1_event_2,organiser_2,emeq,plumeer,18XJ1A0212,emeq plumeer
836,club_1,kv,club_1_event_1,Participant,kv,,,kv
837,club_1,ndrawkenfe,club_1_event_2,Participant,kenfe,,18XJ1A0107,kenfe 
838,club_2,lb,club_2_event_2,Participant,lb,,,lb
839,club_2,enie rei,club_2_event_2,Participant,enie,rei,,enie rei
840,club_1,da,club_1_event_3,Participant,da,,,da
841,club_1,ls,club_1_event_1,Participant,ls,,,ls
842,club_2,da,club_2_event_3,Participant,da,,,da
843,club_3,lbeeihot,club_3_event_1,Participant,lbeeihot,,,lbeeihot 
844,club_1,cp,club_1_event_1,Participant,cp,,,cp
845,club_1,af,club_1_event_2,Participant,af,,,af
846,club_2,uhstevo mu,club_2_event_1,Participant,uhstevo,mu,17XJ1A0118,uhstevo mu
847,club_3,tsesa smali,club_3_event_3,Participant,tsesa,smali,,tsesa smali
848,club_2,jvohny ti,club_2_event_1,Participant,jvohny,ti,,jvohny ti
849,club_1,enna stele,club_1_event_2,Participant,enna,stele,18XJ1A0233,enna stele
850,club_3,ohhncy toni,club_3_event_2,Participant,ohhncy,toni,,ohhncy toni
851,club_1,laxpics whiti,club_1_event_3,Participant,laxpics,whiti,,laxpics whiti
852,club_3,sm,club_3_event_1,Participant,sm,,,sm
853,club_2,ad,club_2_event_2,Participant,ad,,,ad
854,club_3,zm,club_3_event_2,Participant,zm,,,zm
855,club_1,sb,club_1_event_2,Participant,sb,,,sb
856,club_2,ws,club_2_event_1,Participant,ws,,,ws
857,club_3,arutna eyne,club_3_event_2,Participant,arutna,eyne,18XJ1A0159,arutna eyne
858,club_2,nl,club_2_event_1,Participant,nl,,,nl
859,club_3,jh,club_3_event_3,Participant,jh,,,jh
860,club_3,rud brewmdi,club_3_event_3,Participant,rud,brewmdi,,rud brewmdi
861,club_2,kc,club_2_event_2,Participant,kc,,,kc
862,club_1,burud bredli,club_1_event_1,Participant,burud,bredli,,burud bredli
863,club_3,dn,club_3_event_3,Participant,dn,,,dn
864,club_2,hermwe turfi,club_2_event_2,Participant,hermwe,turfi,,hermwe turfi
865,club_1,jrdo teum,club_1_event_2,Participant,jrdo,teum,,jrdo teum
866,club_3,mc,club_3_event_1,Participant,mc,,,mc
867,club_2,eqre ord,club_2_event_1,Participant,eqre,ord,18XJ1A0268,eqre ord
868,club_1,awnnate ahmt,club_1_event_3,Participant,awnnate,ahmt,18XJ1A0100,awnnate ahmt
869,club_2,ef,club_2_event_3,Participant,ef,,,ef
870,club_1,reewa dovr,club_1_event_1,Participant,reewa,dovr,18XJ1A0248,reewa dovr
871,club_3,tei kulci,club_3_event_2,Participant,tei,kulci,,tei kulci
872,club_3,holeqnd f,club_3_event_2,Participant,holeqnd,f,,holeqnd f
873,club_1,ll,club_1_event_2,Participant,ll,,,ll
874,club_2,lm,club_2_event_2,Participant,lm,,,lm
875,club_3,el,club_3_event_2,Participant,el,,,el
876,club_1,jf,club_1_event_2,Participant,jf,,,jf
877,club_3,jg,club_3_event_2,Participant,jg,,,jg
878,club_2,txesha sali,club_2_event_1,Participant,txesha,sali,,txesha sali
879,club_2,kceyeoa grus,club_2_event_2,Participant,kceyeoa,grus,17XJ1A0146,kceyeoa grus
880,club_3,iverfelihqcieno,club_3_event_1,Participant,felihqcieno,,,felihqcieno 
881,club_2,axlizza do,club_2_event_1,Participant,axlizza,do,,axlizza do
882,club_2,etesha smali,club_2_event_3,Participant,etesha,smali,17XJ1A0180,etesha smali
883,club_3,rey mcnm,club_3_event_1,Participant,rey,mcnm,,rey mcnm
884,club_1,dierqa dai,club_1_event_1,Participant,dierqa,dai,,dierqa dai
885,club_1,cody ceri,club_1_event_1,Participant,cody,ceri,,cody ceri
886,club_3,jenikere,club_3_event_1,Participant,jenike,re,,jenike re
887,club_3,en,club_3_event_2,Participant,en,,,en
888,club_2,ab,club_2_event_1,Participant,ab,,,ab
889,club_1,eaita dod,club_1_event_2,Participant,eaita,dod,,eaita dod
890,club_1,hw,club_1_event_2,Participant,hw,,,hw
891,club_2,deisha yuvn,club_2_event_1,Participant,deisha,yuvn,17XJ1A0157,deisha yuvn
892,club_2,jf,club_2_event_3,Participant,jf,,,jf
893,club_3,oadalvine eni,club_3_event_2,Participant,oadalvine,eni,,oadalvine eni
894,club_3,gh,club_3_event_1,Participant,gh,,,gh
895,club_3,ke,club_3_event_1,Participant,ke,,,ke
896,club_1,eed cguvli,club_1_event_1,Participant,eed,cguvli,,eed cguvli
897,club_3,ss,club_3_event_2,Participant,ss,,,ss
898,club_2,loeehrt,club_2_event_2,Participant,loeeh,rt,17XJ1A0133,loeeh rt
899,club_2,hbolenfi,club_2_event_2,Participant,hbolen,fi,,hbolen fi
900,club_2,aw,club_2_event_1,Participant,aw,,,aw
901,club_3,eyn stenlbe,club_3_event_2,Participant,eyn,stenlbe,,eyn stenlbe
902,club_3,ogbriena mi,club_3_event_2,Participant,ogbriena,mi,,ogbriena mi
903,club_2,ws,club_2_event_2,Participant,ws,,,ws
904,club_2,gf,club_2_event_2,Participant,gf,,,gf
905,club_3,dm,club_3_event_2,Participant,dm,,,dm
906,club_1,eytmcnei,club_1_event_3,Participant,mcnei,,18XJ1A0190,mcnei 
907,club_1,jerrettb mui,club_1_event_3,Participant,jerrettb,mui,17XJ1A0246,jerrettb mui
908,club_2,ryla cgmetz,club_2_event_1,Participant,ryla,cgmetz,17XJ1A0323,ryla cgmetz
909,club_3,lr,club_3_event_2,Participant,lr,,,lr
910,club_3,biensa emi,club_3_event_1,Participant,biensa,emi,,biensa emi
911,club_3,rey mdcnei,club_3_event_2,Participant,rey,mdcnei,,rey mdcnei
912,club_2,jc,club_2_event_3,Participant,jc,,,jc
913,club_1,laxiswitlhi,club_1_event_2,Participant,laxis,witlhi,17XJ1A0176,laxis witlhi
914,club_3,pgoanix th,club_3_event_1,Participant,pgoanix,th,17XJ1A0138,pgoanix th
915,club_1,lacis uwhitli,club_1_event_1,Participant,lacis,uwhitli,,lacis uwhitli
916,club_3,am,club_3_event_3,Participant,am,,,am
917,club_3,hremen trli,club_3_event_1,Participant,hremen,trli,,hremen trli
918,club_2,dderid whte,club_2_event_1,Participant,dderid,whte,17XJ1A0292,dderid whte
919,club_3,es,club_3_event_2,Participant,es,,,es
920,club_3,cyida lindosi,club_3_event_1,Participant,cyida,lindosi,,cyida lindosi
921,club_3,tuara voxlk,club_3_event_1,Participant,tuara,voxlk,17XJ1A0178,tuara voxlk
922,club_3,yev keneyi,club_3_event_2,Participant,yev,keneyi,,yev keneyi
923,club_2,dey tmcnei,club_2_event_3,Participant,dey,tmcnei,,dey tmcnei
924,club_2,josaf fni,club_2_event_1,Participant,josaf,fni,,josaf fni
925,club_2,veluin breli,club_2_event_2,organiser_1,veluin,breli,,veluin breli
926,club_3,gusitev ul,club_3_event_1,Participant,gusitev,ul,17XJ1A0118,gusitev ul
927,club_1,phxanix thy,club_1_event_2,Participant,phxanix,thy,,phxanix thy
928,club_2,ab,club_2_event_2,Participant,ab,,,ab
929,club_3,sm,club_3_event_2,organiser_5,sm,,,sm
930,club_1,dehba yon,club_1_event_2,Participant,dehba,yon,,dehba yon
931,club_1,kiara jauregui,club_1_event_1,Participant,kiara,jauregui,17XJ1A0243,kiara jauregui
932,club_3,katelynn harlow,club_3_event_1,Participant,katelynn,harlow,18XJ1A0145,katelynn harlow
933,club_2,clyde lindsay,club_2_event_1,Participant,clyde,lindsay,17XJ1A0318,clyde lindsay
934,club_3,denise minor,club_3_event_2,Participant,denise,minor,18XJ1A0340,denise minor
935,club_1,marco rand,club_1_event_1,Participant,marco,rand,18XJ1A0180,marco rand
936,club_2,natalya garvin,club_2_event_1,Participant,natalya,garvin,18XJ1A0163,natalya garvin
937,club_1,shea jenkins,club_1_event_2,Participant,shea,jenkins,17XJ1A0235,shea jenkins
938,club_3,alannah chisholm,club_3_event_1,Participant,alannah,chisholm,17XJ1A0275,alannah chisholm
939,club_3,roxanna mcnair,club_3_event_1,Participant,roxanna,mcnair,18XJ1A0190,roxanna mcnair
940,club_1,kenton trejo,club_1_event_1,Participant,kenton,trejo,17XJ1A0208,kenton trejo
941,club_2,jazmyn schmid,club_2_event_1,Participant,jazmyn,schmid,18XJ1A0312,jazmyn schmid
942,club_1,tyshawn espino,club_1_event_1,Participant,tyshawn,espino,18XJ1A0185,tyshawn espino
943,club_1,keri carrier,club_1_event_3,Participant,keri,carrier,17XJ1A0101,keri carrier
944,club_2,deangelo neuman,club_2_event_3,Participant,deangelo,neuman,18XJ1A0284,deangelo neuman
945,club_2,kalen logan,club_2_event_1,Participant,kalen,logan,17XJ1A0189,kalen logan
946,club_1,justyn goetz,club_1_event_1,Participant,justyn,goetz,17XJ1A0259,justyn goetz
947,club_2,kenton trejo,club_2_event_1,Participant,kenton,trejo,17XJ1A0208,kenton trejo
948,club_2,mallorie saenz,club_2_event_2,Participant,mallorie,saenz,17XJ1A0319,mallorie saenz
949,club_1,tatum henning,club_1_event_1,Participant,tatum,henning,18XJ1A0171,tatum henning
950,club_3,jedidiah clarkson,club_3_event_3,Participant,jedidiah,clarkson,17XJ1A0281,jedidiah clarkson
951,club_2,kobe barrientos,club_2_event_2,Participant,kobe,barrientos,18XJ1A0338,kobe barrientos
952,club_2,kiara jauregui,club_2_event_1,Participant,kiara,jauregui,17XJ1A0243,kiara jauregui
953,club_2,tucker volk,club_2_event_2,Participant,tucker,volk,17XJ1A0178,tucker volk
954,club_2,guillermo hackney,club_2_event_2,Participant,guillermo,hackney,17XJ1A0296,guillermo hackney
955,club_3,karla parris,club_3_event_1,Participant,karla,parris,17XJ1A0173,karla parris
956,club_1,tucker volk,club_1_event_2,Participant,tucker,volk,17XJ1A0178,tucker volk
957,club_2,jaylan conway,club_2_event_1,Participant,jaylan,conway,18XJ1A0122,jaylan conway
958,club_3,lexis whitley,club_3_event_3,Participant,lexis,whitley,17XJ1A0176,lexis whitley
959,club_1,cornelius macias,club_1_event_3,Participant,cornelius,macias,18XJ1A0327,cornelius macias
960,club_3,adan goetz,club_3_event_1,Participant,adan,goetz,18XJ1A0181,adan goetz
961,club_1,justyn goetz,club_1_event_1,organiser_5,justyn,goetz,17XJ1A0259,justyn goetz
962,club_3,baby heaton,club_3_event_3,Participant,baby,heaton,17XJ1A0117,baby heaton
963,club_1,darrion barrios,club_1_event_2,Participant,darrion,barrios,18XJ1A0166,darrion barrios
964,club_1,cailyn seward,club_1_event_2,Participant,cailyn,seward,18XJ1A0192,cailyn seward
965,club_2,river feliciano,club_2_event_2,Participant,river,feliciano,18XJ1A0324,river feliciano
966,club_3,kalen logan,club_3_event_2,Participant,kalen,logan,17XJ1A0189,kalen logan
967,club_2,arjun payne,club_2_event_3,Participant,arjun,payne,18XJ1A0159,arjun payne
968,club_2,shea jenkins,club_2_event_3,Participant,shea,jenkins,17XJ1A0235,shea jenkins
969,club_2,phoenix thai,club_2_event_1,Participant,phoenix,thai,17XJ1A0138,phoenix thai
970,club_2,katelynn harlow,club_2_event_3,Participant,katelynn,harlow,18XJ1A0145,katelynn harlow
971,club_1,jordi tam,club_1_event_1,Participant,jordi,tam,18XJ1A0335,jordi tam
972,club_1,christy elliott,club_1_event_2,Participant,christy,elliott,18XJ1A0141,christy elliott
973,club_1,breanne concepcion,club_1_event_1,Participant,breanne,concepcion,17XJ1A0236,breanne concepcion
974,club_3,tasha smalley,club_3_event_2,Participant,tasha,smalley,17XJ1A0180,tasha smalley
975,club_2,elliot held,club_2_event_1,Participant,elliot,held,17XJ1A0326,elliot held
976,club_1,serenity castillo,club_1_event_2,Participant,serenity,castillo,18XJ1A0144,serenity castillo
977,club_2,matthias cordero,club_2_event_2,Participant,matthias,cordero,18XJ1A0257,matthias cordero
978,club_1,deangelo neuman,club_1_event_3,Participant,deangelo,neuman,18XJ1A0284,deangelo neuman
979,club_2,sana fairbanks,club_2_event_2,Participant,sana,fairbanks,18XJ1A0156,sana fairbanks
980,club_3,sydnee mears,club_3_event_3,Participant,sydnee,mears,17XJ1A0314,sydnee mears
981,club_3,gustavo mull,club_3_event_3,Participant,gustavo,mull,17XJ1A0118,gustavo mull
982,club_2,jedidiah clarkson,club_2_event_2,Participant,jedidiah,clarkson,17XJ1A0281,jedidiah clarkson
983,club_1,matthias cordero,club_1_event_1,Participant,matthias,cordero,18XJ1A0257,matthias cordero
984,club_3,janine mccormack,club_3_event_1,Participant,janine,mccormack,17XJ1A0134,janine mccormack
985,club_3,rowan paquette,club_3_event_2,Participant,rowan,paquette,17XJ1A0196,rowan paquette
986,club_1,wilson slocum,club_1_event_2,Participant,wilson,slocum,18XJ1A0177,wilson slocum
987,club_2,kendrick valadez,club_2_event_2,Participant,kendrick,valadez,17XJ1A0216,kendrick valadez
988,club_2,adan goetz,club_2_event_2,Participant,adan,goetz,18XJ1A0181,adan goetz
989,club_3,janine mccormack,club_3_event_2,Participant,janine,mccormack,17XJ1A0134,janine mccormack
990,club_3,brionna grimes,club_3_event_2,Participant,brionna,grimes,18XJ1A0285,brionna grimes
991,club_1,heidi whitmore,club_1_event_3,Participant,heidi,whitmore,18XJ1A0173,heidi whitmore
992,club_1,louis samuels,club_1_event_2,Participant,louis,samuels,17XJ1A0142,louis samuels
993,club_2,baby heaton,club_2_event_2,Participant,baby,heaton,17XJ1A0117,baby heaton
994,club_2,raymundo benavides,club_2_event_1,Participant,raymundo,benavides,17XJ1A0225,raymundo benavides
995,club_2,frank halstead,club_2_event_3,Participant,frank,halstead,17XJ1A0332,frank halstead
996,club_3,hamza caswell,club_3_event_2,Participant,hamza,caswell,17XJ1A0300,hamza caswell
997,club_3,santiago nadeau,club_3_event_1,Participant,santiago,nadeau,17XJ1A0257,santiago nadeau
998,club_2,katelynn harlow,club_2_event_1,Participant,katelynn,harlow,18XJ1A0145,katelynn harlow
999,club_1,yisroel sisk,club_1_event_2,Participant,yisroel,sisk,17XJ1A0348,yisroel sisk
1000,club_3,adan goetz,club_3_event_2,Participant,adan,goetz,18XJ1A0181,adan goetz
1001,club_3,alyse bertrand,club_3_event_1,Participant,alyse,bertrand,18XJ1A0178,alyse bertrand
1002,club_1,adeline henry,club_1_event_1,Participant,adeline,henry,17XJ1A0105,adeline henry
1003,club_1,amaiya solano,club_1_event_3,Participant,amaiya,solano,17XJ1A0147,amaiya solano
1004,club_2,ciera almanza,club_2_event_3,Participant,ciera,almanza,18XJ1A0191,ciera almanza
1005,club_3,ronan baggett,club_3_event_2,Participant,ronan,baggett,17XJ1A0137,ronan baggett
1006,club_2,rylie gomez,club_2_event_2,Participant,rylie,gomez,17XJ1A0323,rylie gomez
1007,club_1,irvin lira,club_1_event_1,Participant,irvin,lira,18XJ1A0117,irvin lira
1008,club_2,eden ring,club_2_event_1,Participant,eden,ring,17XJ1A0228,eden ring
1009,club_1,warren schofield,club_1_event_1,Participant,warren,schofield,17XJ1A0293,warren schofield
1010,club_3,luciano sims,club_3_event_1,Participant,luciano,sims,18XJ1A0292,luciano sims
1011,club_1,sean guthrie,club_1_event_1,Participant,sean,guthrie,17XJ1A0278,sean guthrie
1012,club_3,katelynn harlow,club_3_event_2,Participant,katelynn,harlow,18XJ1A0145,katelynn harlow
1013,club_1,charisma wilbur,club_1_event_1,Participant,charisma,wilbur,18XJ1A0269,charisma wilbur
1014,club_3,heidi whitmore,club_3_event_1,Participant,heidi,whitmore,18XJ1A0173,heidi whitmore
1015,club_3,raymundo zapata,club_3_event_1,Participant,raymundo,zapata,17XJ1A0322,raymundo zapata
1016,club_2,samira baer,club_2_event_2,Participant,samira,baer,17XJ1A0308,samira baer
1017,club_1,hamza caswell,club_1_event_1,Participant,hamza,caswell,17XJ1A0300,hamza caswell
1018,club_3,clyde bolin,club_3_event_2,Participant,clyde,bolin,17XJ1A0110,clyde bolin
1019,club_3,litzy moyer,club_3_event_1,Participant,litzy,moyer,18XJ1A0162,litzy moyer
1020,club_3,tyshawn espino,club_3_event_2,Participant,tyshawn,espino,18XJ1A0185,tyshawn espino
1021,club_3,brionna grimes,club_3_event_3,organiser_2,brionna,grimes,18XJ1A0285,brionna grimes
1022,club_1,jenny barksdale,club_1_event_2,Participant,jenny,barksdale,17XJ1A0185,jenny barksdale
1023,club_1,kenton trejo,club_1_event_3,Participant,kenton,trejo,17XJ1A0208,kenton trejo
1024,club_3,henry johansen,club_3_event_2,Participant,henry,johansen,18XJ1A0311,henry johansen
1025,club_2,kierstin romano,club_2_event_2,Participant,kierstin,romano,17XJ1A0271,kierstin romano
1026,club_3,brennen ellison,club_3_event_1,Participant,brennen,ellison,17XJ1A0209,brennen ellison
1027,club_2,jude golden,club_2_event_1,Participant,jude,golden,17XJ1A0226,jude golden
1028,club_3,brionna grimes,club_3_event_2,organiser_2,brionna,grimes,18XJ1A0285,brionna grimes
1029,club_1,kiara jauregui,club_1_event_2,Participant,kiara,jauregui,17XJ1A0243,kiara jauregui
1030,club_2,garret cockrell,club_2_event_1,Participant,garret,cockrell,18XJ1A0318,garret cockrell
1031,club_1,kristian jansen,club_1_event_2,Participant,kristian,jansen,17XJ1A0343,kristian jansen
1032,club_1,jenny barksdale,club_1_event_1,Participant,jenny,barksdale,17XJ1A0185,jenny barksdale
1033,club_3,janell hager,club_3_event_2,Participant,janell,hager,17XJ1A0313,janell hager
1034,club_3,amina ware,club_3_event_2,Participant,amina,ware,17XJ1A0199,amina ware
1035,club_3,mckenzie hitchcock,club_3_event_2,organiser_4,mckenzie,hitchcock,17XJ1A0200,mckenzie hitchcock
1036,club_2,doris prado,club_2_event_1,Participant,doris,prado,17XJ1A0249,doris prado
1037,club_3,linda brennan,club_3_event_1,Participant,linda,brennan,17XJ1A0338,linda brennan
1038,club_1,alycia woodard,club_1_event_2,Participant,alycia,woodard,17XJ1A0107,alycia woodard
1039,club_1,bradley mazur,club_1_event_2,Participant,bradley,mazur,18XJ1A0198,bradley mazur
1040,club_1,allissa biddle,club_1_event_2,Participant,allissa,biddle,18XJ1A0260,allissa biddle
1041,club_3,cody garay,club_3_event_1,Participant,cody,garay,18XJ1A0348,cody garay
1042,club_2,alycia woodard,club_2_event_1,Participant,alycia,woodard,17XJ1A0107,alycia woodard
1043,club_1,tasha smalley,club_1_event_2,Participant,tasha,smalley,17XJ1A0180,tasha smalley
1044,club_3,alexandrea starnes,club_3_event_1,Participant,alexandrea,starnes,18XJ1A0167,alexandrea starnes
